Resource,Zone,New_Build,Can_Retire,Existing_Cap_MW,region,technology,cluster,Cap_Size,minimum_load_mw,Heat_Rate_MMBTU_per_MWh,Fixed_OM_Cost_per_MWyr,Var_OM_Cost_per_MWh,Min_Power,num_units,heat_rate_mmbtu_mwh_iqr,heat_rate_mmbtu_mwh_std,fixed_o_m_mw_std,capacity_factor,unmodified_cap_size,Start_Fuel_MMBTU_per_MW,Fuel,Start_Cost_per_MW,cost_case,tech_detail,basis_year,capex_mw,Inv_Cost_per_MWyr,Max_Cap_MW,regional_cost_multiplier,spur_miles,spur_capex,spur_inv_mwyr,plant_inv_cost_mwyr,Ramp_Up_Percentage,Ramp_Dn_Percentage,Up_Time,Down_Time,Reg_Max,Rsv_Max,gen_energy_source,gen_is_baseload,gen_scheduled_outage_rate,gen_forced_outage_rate,gen_type,Model
DE1_natural_gas_fired_combined_cycle_1,1,0,1,388.0,DE1,Natural Gas Fired Combined Cycle,1,194.0,97.5,8.59,19989,5.52,0.3,2.0,0.178,0.252,0.0,0.129,194.0,2.0,south_atlantic_naturalgas,112.0,0,0,0.0,0.0,0,0.0,0.0,0.0,0.0,0.0,0.0,0.64,0.64,6,6,0.106666667,0.213333333,Naturalgas,False,0.06,0.04,Naturalgas,1
DE1_natural_gas_fired_combined_cycle_2,1,0,1,1136.0,DE1,Natural Gas Fired Combined Cycle,2,568.0,285.0,9.3,14947,4.31,0.3,2.0,0.626,0.885,0.0,0.129,568.0,2.0,south_atlantic_naturalgas,112.0,0,0,0.0,0.0,0,0.0,0.0,0.0,0.0,0.0,0.0,0.64,0.64,6,6,0.106666667,0.213333333,Naturalgas,False,0.06,0.04,Naturalgas,1
DE1_natural_gas_fired_combustion_turbine_1,1,0,1,195.2,DE1,Natural Gas Fired Combustion Turbine,1,48.8,8.625,11.4,19144,0.0,0.3,4.0,1.77,2.985,0.0,0.206,48.8,3.5,south_atlantic_naturalgas,145.0,0,0,0.0,0.0,0,0.0,0.0,0.0,0.0,0.0,0.0,3.78,3.78,1,1,0.106666667,0.213333333,Naturalgas,False,0.06,0.04,Naturalgas,1
DE1_natural_gas_steam_turbine_1,1,0,1,710.0,DE1,Natural Gas Steam Turbine,1,236.67,46.667,12.0,37816,1.28,0.5,3.0,0.0,0.0,0.0,0.027,236.667,13.7,south_atlantic_naturalgas,106.0,0,0,0.0,0.0,0,0.0,0.0,0.0,0.0,0.0,0.0,0.64,0.64,6,6,0.63,1.26,Naturalgas,False,0.06,0.04,Naturalgas,1
DE1_petroleum_liquids_1,1,0,1,102.0,DE1,Petroleum Liquids,1,20.4,16.5,23.71,0,0.0,0.18,5.0,5.086,7.17,0.0,0.605,20.4,0.0,south_atlantic_distillate,0.0,0,0,0.0,0.0,0,0.0,0.0,0.0,0.0,0.0,0.0,3.78,3.78,1,1,0.0,0.0,Diesel,False,0.06,0.04,Petroleum,1
IL1_natural_gas_fired_combined_cycle_1,2,0,1,4238.0,IL1,Natural Gas Fired Combined Cycle,1,423.8,95.0,7.37,14501,4.32,0.3,10.0,0.039,0.062,1300.329,0.568,423.8,2.0,east_north_central_naturalgas,112.0,0,0,0.0,0.0,0,0.0,0.0,0.0,0.0,0.0,0.0,0.64,0.64,6,6,0.106666667,0.213333333,Naturalgas,False,0.06,0.04,Naturalgas,1
IL1_natural_gas_fired_combined_cycle_2,2,0,1,195.0,IL1,Natural Gas Fired Combined Cycle,2,195.0,67.0,13.02,19989,5.52,0.3,1.0,0.0,0.0,0.0,0.568,195.0,2.0,east_north_central_naturalgas,112.0,0,0,0.0,0.0,0,0.0,0.0,0.0,0.0,0.0,0.0,0.64,0.64,6,6,0.106666667,0.213333333,Naturalgas,False,0.06,0.04,Naturalgas,1
IL1_natural_gas_fired_combustion_turbine_1,2,0,1,6531.7,IL1,Natural Gas Fired Combustion Turbine,1,96.05,47.997,12.69,14069,0.0,0.3,68.0,2.128,4.789,907.826,0.055,96.054,3.5,east_north_central_naturalgas,145.0,0,0,0.0,0.0,0,0.0,0.0,0.0,0.0,0.0,0.0,3.78,3.78,1,1,0.106666667,0.213333333,Naturalgas,False,0.06,0.04,Naturalgas,1
IL1_natural_gas_steam_turbine_1,2,0,1,28.2,IL1,Natural Gas Steam Turbine,1,28.2,7.5,18.39,62182,1.28,0.5,1.0,0.0,0.0,0.0,0.076,28.2,13.7,east_north_central_naturalgas,106.0,0,0,0.0,0.0,0,0.0,0.0,0.0,0.0,0.0,0.0,0.64,0.64,6,6,0.63,1.26,Naturalgas,False,0.06,0.04,Naturalgas,1
IL1_nuclear_1,2,0,0,9014.7,IL1,Nuclear,1,1126.84,396.612,10.34,234257,0.0,0.5,8.0,0.0,0.0,0.0,0.0,1126.838,0.0,east_north_central_uranium,300.0,0,0,0.0,0.0,0,0.0,0.0,0.0,0.0,0.0,0.0,0.25,0.25,24,24,0.041666667,0.083333333,Uranium,True,0.06,0.04,Nuclear,1
IL1_petroleum_liquids_1,2,0,1,441.7,IL1,Petroleum Liquids,1,10.52,3.212,11.24,0,0.0,0.18,42.0,1.098,2.564,0.0,0.105,10.517,0.0,east_north_central_distillate,0.0,0,0,0.0,0.0,0,0.0,0.0,0.0,0.0,0.0,0.0,3.78,3.78,1,1,0.0,0.0,Diesel,False,0.06,0.04,Petroleum,1
ISONE_conventional_steam_coal_1,3,0,1,438.0,ISONE,Conventional Steam Coal,1,219.0,100.0,12.52,97734,2.28,0.5,2.0,0.039,0.055,912.168,0.073,219.0,16.5,new_england_coal,150.0,0,0,0.0,0.0,0,0.0,0.0,0.0,0.0,0.0,0.0,0.57,0.57,24,24,0.095,0.19,Coal,True,0.06,0.04,Coal,1
ISONE_natural_gas_fired_combined_cycle_1,3,0,1,3603.7,ISONE,Natural Gas Fired Combined Cycle,1,225.23,118.312,9.04,19989,5.52,0.3,16.0,1.087,2.623,0.0,0.249,225.231,2.0,new_england_naturalgas,112.0,0,0,0.0,0.0,0,0.0,0.0,0.0,0.0,0.0,0.0,0.64,0.64,6,6,0.106666667,0.213333333,Naturalgas,False,0.06,0.04,Naturalgas,1
ISONE_natural_gas_fired_combined_cycle_2,3,0,1,10513.3,ISONE,Natural Gas Fired Combined Cycle,2,457.1,188.87,7.46,11863,4.38,0.3,23.0,0.485,0.484,0.0,0.249,457.1,2.0,new_england_naturalgas,112.0,0,0,0.0,0.0,0,0.0,0.0,0.0,0.0,0.0,0.0,0.64,0.64,6,6,0.106666667,0.213333333,Naturalgas,False,0.06,0.04,Naturalgas,1
ISONE_natural_gas_fired_combustion_turbine_1,3,0,1,1538.2,ISONE,Natural Gas Fired Combustion Turbine,1,85.46,25.667,10.6,15574,0.0,0.3,18.0,1.522,1.055,2047.602,0.103,85.456,3.5,new_england_naturalgas,145.0,0,0,0.0,0.0,0,0.0,0.0,0.0,0.0,0.0,0.0,3.78,3.78,1,1,0.106666667,0.213333333,Naturalgas,False,0.06,0.04,Naturalgas,1
ISONE_natural_gas_steam_turbine_1,3,0,1,1301.5,ISONE,Natural Gas Steam Turbine,1,260.3,69.0,16.87,62182,1.28,0.5,5.0,3.276,3.713,0.0,0.084,260.3,13.7,new_england_naturalgas,106.0,0,0,0.0,0.0,0,0.0,0.0,0.0,0.0,0.0,0.0,0.64,0.64,6,6,0.63,1.26,Naturalgas,False,0.06,0.04,Naturalgas,1
ISONE_nuclear_1,3,0,0,3355.5,ISONE,Nuclear,1,1118.5,158.333,10.34,271275,0.0,0.5,3.0,0.0,0.0,57308.365,0.0,1118.5,0.0,new_england_uranium,300.0,0,0,0.0,0.0,0,0.0,0.0,0.0,0.0,0.0,0.0,0.25,0.25,24,24,0.041666667,0.083333333,Uranium,True,0.06,0.04,Nuclear,1
ISONE_petroleum_liquids_1,3,0,1,4807.3,ISONE,Petroleum Liquids,1,41.09,14.151,15.86,0,0.0,0.18,117.0,7.419,4.349,0.0,0.039,41.088,0.0,new_england_distillate,0.0,0,0,0.0,0.0,0,0.0,0.0,0.0,0.0,0.0,0.0,3.78,3.78,1,1,0.0,0.0,Diesel,False,0.06,0.04,Petroleum,1
KY3_conventional_steam_coal_1,4,0,1,6431.0,KY3,Conventional Steam Coal,1,459.36,217.786,10.68,76405,2.28,0.5,14.0,0.933,1.076,6589.836,0.228,459.357,16.5,east_south_central_coal,150.0,0,0,0.0,0.0,0,0.0,0.0,0.0,0.0,0.0,0.0,0.57,0.57,24,24,0.095,0.19,Coal,True,0.06,0.04,Coal,1
KY3_natural_gas_fired_combined_cycle_1,4,0,1,683.0,KY3,Natural Gas Fired Combined Cycle,1,683.0,228.0,6.8,11863,4.38,0.3,1.0,0.0,0.0,0.0,0.355,683.0,2.0,east_south_central_naturalgas,112.0,0,0,0.0,0.0,0,0.0,0.0,0.0,0.0,0.0,0.0,0.64,0.64,6,6,0.106666667,0.213333333,Naturalgas,False,0.06,0.04,Naturalgas,1
KY3_natural_gas_fired_combustion_turbine_1,4,0,1,3865.0,KY3,Natural Gas Fired Combustion Turbine,1,133.28,64.69,12.27,14149,0.0,0.3,29.0,1.331,1.283,1398.25,0.126,133.276,3.5,east_south_central_naturalgas,145.0,0,0,0.0,0.0,0,0.0,0.0,0.0,0.0,0.0,0.0,3.78,3.78,1,1,0.106666667,0.213333333,Naturalgas,False,0.06,0.04,Naturalgas,1
KY3_petroleum_liquids_1,4,0,1,10.8,KY3,Petroleum Liquids,1,1.8,0.2,11.97,0,0.0,0.18,6.0,0.0,0.0,0.0,0.0,1.8,0.0,east_south_central_distillate,0.0,0,0,0.0,0.0,0,0.0,0.0,0.0,0.0,0.0,0.0,3.78,3.78,1,1,0.0,0.0,Diesel,False,0.06,0.04,Petroleum,1
KY4_natural_gas_fired_combustion_turbine_1,5,0,1,950.0,KY4,Natural Gas Fired Combustion Turbine,1,190.0,120.0,12.94,14000,0.0,0.3,5.0,0.0,0.0,0.0,0.061,190.0,3.5,east_south_central_naturalgas,145.0,0,0,0.0,0.0,0,0.0,0.0,0.0,0.0,0.0,0.0,3.78,3.78,1,1,0.106666667,0.213333333,Naturalgas,False,0.06,0.04,Naturalgas,1
KY4_natural_gas_steam_turbine_1,5,0,1,260.0,KY4,Natural Gas Steam Turbine,1,260.0,100.0,10.82,62182,1.28,0.5,1.0,0.0,0.0,0.0,0.207,260.0,13.7,east_south_central_naturalgas,106.0,0,0,0.0,0.0,0,0.0,0.0,0.0,0.0,0.0,0.0,0.64,0.64,6,6,0.63,1.26,Naturalgas,False,0.06,0.04,Naturalgas,1
MD2_natural_gas_fired_combined_cycle_2,7,0,1,2916.6,MD2,Natural Gas Fired Combined Cycle,2,729.15,145.5,7.32,13817,4.47,0.3,4.0,0.5,0.701,3835.227,0.392,729.15,2.0,south_atlantic_naturalgas,112.0,0,0,0.0,0.0,0,0.0,0.0,0.0,0.0,0.0,0.0,0.64,0.64,6,6,0.106666667,0.213333333,Naturalgas,False,0.06,0.04,Naturalgas,1
MD2_natural_gas_fired_combustion_turbine_1,7,0,1,1836.3,MD2,Natural Gas Fired Combustion Turbine,1,122.42,59.2,12.22,14627,0.0,0.3,15.0,3.318,1.885,2115.037,0.08,122.42,3.5,south_atlantic_naturalgas,145.0,0,0,0.0,0.0,0,0.0,0.0,0.0,0.0,0.0,0.0,3.78,3.78,1,1,0.106666667,0.213333333,Naturalgas,False,0.06,0.04,Naturalgas,1
MD2_natural_gas_steam_turbine_1,7,0,1,1217.3,MD2,Natural Gas Steam Turbine,1,405.77,388.667,16.98,32539,1.28,0.5,3.0,2.406,2.778,17185.985,0.038,405.767,13.7,south_atlantic_naturalgas,106.0,0,0,0.0,0.0,0,0.0,0.0,0.0,0.0,0.0,0.0,0.64,0.64,6,6,0.63,1.26,Naturalgas,False,0.06,0.04,Naturalgas,1
MD2_nuclear_1,7,0,0,1815.7,MD2,Nuclear,1,907.85,50.0,10.34,234257,0.0,0.5,2.0,0.0,0.0,0.0,0.0,907.85,0.0,south_atlantic_uranium,300.0,0,0,0.0,0.0,0,0.0,0.0,0.0,0.0,0.0,0.0,0.25,0.25,24,24,0.041666667,0.083333333,Uranium,True,0.06,0.04,Nuclear,1
MD2_petroleum_liquids_1,7,0,1,613.8,MD2,Petroleum Liquids,1,16.59,4.086,12.5,0,0.0,0.18,37.0,0.771,3.154,0.0,0.174,16.589,0.0,south_atlantic_distillate,0.0,0,0,0.0,0.0,0,0.0,0.0,0.0,0.0,0.0,0.0,3.78,3.78,1,1,0.0,0.0,Diesel,False,0.06,0.04,Petroleum,1
MI_conventional_steam_coal_1,8,0,1,60.0,MI,Conventional Steam Coal,1,60.0,7.0,13.48,93868,2.28,0.5,1.0,0.0,0.0,0.0,0.241,60.0,16.5,east_north_central_coal,150.0,0,0,0.0,0.0,0,0.0,0.0,0.0,0.0,0.0,0.0,0.57,0.57,24,24,0.095,0.19,Coal,True,0.06,0.04,Coal,1
MI_natural_gas_fired_combined_cycle_1,8,0,1,6621.4,MI,Natural Gas Fired Combined Cycle,1,551.78,169.75,8.12,14418,4.32,0.3,12.0,0.132,0.756,1200.445,0.289,551.783,2.0,east_north_central_naturalgas,112.0,0,0,0.0,0.0,0,0.0,0.0,0.0,0.0,0.0,0.0,0.64,0.64,6,6,0.106666667,0.213333333,Naturalgas,False,0.06,0.04,Naturalgas,1
MI_natural_gas_fired_combined_cycle_2,8,0,1,671.1,MI,Natural Gas Fired Combined Cycle,2,83.89,20.812,8.53,19989,5.52,0.3,8.0,2.434,1.884,0.0,0.289,83.888,2.0,east_north_central_naturalgas,112.0,0,0,0.0,0.0,0,0.0,0.0,0.0,0.0,0.0,0.0,0.64,0.64,6,6,0.106666667,0.213333333,Naturalgas,False,0.06,0.04,Naturalgas,1
MI_natural_gas_fired_combustion_turbine_1,8,0,1,4598.5,MI,Natural Gas Fired Combustion Turbine,1,83.61,38.633,11.63,15101,0.0,0.3,55.0,3.048,2.103,2101.467,0.489,83.609,3.5,east_north_central_naturalgas,145.0,0,0,0.0,0.0,0,0.0,0.0,0.0,0.0,0.0,0.0,3.78,3.78,1,1,0.106666667,0.213333333,Naturalgas,False,0.06,0.04,Naturalgas,1
MI_natural_gas_steam_turbine_1,8,0,1,1738.0,MI,Natural Gas Steam Turbine,1,579.33,91.667,19.43,37816,1.28,0.5,3.0,11.463,11.835,0.0,0.073,579.333,13.7,east_north_central_naturalgas,106.0,0,0,0.0,0.0,0,0.0,0.0,0.0,0.0,0.0,0.0,0.64,0.64,6,6,0.63,1.26,Naturalgas,False,0.06,0.04,Naturalgas,1
MI_nuclear_1,8,0,0,3439.0,MI,Nuclear,1,1146.33,916.333,10.34,267767,0.0,0.5,3.0,0.0,0.0,57308.365,0.0,1146.333,0.0,east_north_central_uranium,300.0,0,0,0.0,0.0,0,0.0,0.0,0.0,0.0,0.0,0.0,0.25,0.25,24,24,0.041666667,0.083333333,Uranium,True,0.06,0.04,Nuclear,1
MI_petroleum_liquids_1,8,0,1,397.7,MI,Petroleum Liquids,1,4.06,1.245,13.97,0,0.0,0.18,98.0,4.276,5.799,0.0,11.292,4.058,0.0,east_north_central_distillate,0.0,0,0,0.0,0.0,0,0.0,0.0,0.0,0.0,0.0,0.0,3.78,3.78,1,1,0.0,0.0,Diesel,False,0.06,0.04,Petroleum,1
MISC_conventional_steam_coal_1,9,0,1,24319.7,MISC,Conventional Steam Coal,1,412.2,164.034,10.6,79642,2.28,0.5,59.0,0.987,1.253,8941.01,0.243,412.198,16.5,east_north_central_coal,150.0,0,0,0.0,0.0,0,0.0,0.0,0.0,0.0,0.0,0.0,0.57,0.57,24,24,0.095,0.19,Coal,True,0.06,0.04,Coal,1
MISC_natural_gas_fired_combined_cycle_1,9,0,1,11448.5,MISC,Natural Gas Fired Combined Cycle,1,763.23,355.333,7.41,12888,4.36,0.3,15.0,0.639,0.896,1276.897,0.373,763.233,2.0,east_north_central_naturalgas,112.0,0,0,0.0,0.0,0,0.0,0.0,0.0,0.0,0.0,0.0,0.64,0.64,6,6,0.106666667,0.213333333,Naturalgas,False,0.06,0.04,Naturalgas,1
MISC_natural_gas_fired_combined_cycle_2,9,0,1,743.8,MISC,Natural Gas Fired Combined Cycle,2,185.95,126.525,9.13,19989,5.52,0.3,4.0,1.632,2.772,0.0,0.373,185.95,2.0,east_north_central_naturalgas,112.0,0,0,0.0,0.0,0,0.0,0.0,0.0,0.0,0.0,0.0,0.64,0.64,6,6,0.106666667,0.213333333,Naturalgas,False,0.06,0.04,Naturalgas,1
MISC_natural_gas_fired_combustion_turbine_1,9,0,1,13111.9,MISC,Natural Gas Fired Combustion Turbine,1,67.59,32.686,13.12,15193,0.0,0.3,194.0,2.564,3.181,1898.928,0.15,67.587,3.5,east_north_central_naturalgas,145.0,0,0,0.0,0.0,0,0.0,0.0,0.0,0.0,0.0,0.0,3.78,3.78,1,1,0.106666667,0.213333333,Naturalgas,False,0.06,0.04,Naturalgas,1
MISC_natural_gas_steam_turbine_1,9,0,1,1366.8,MISC,Natural Gas Steam Turbine,1,71.94,19.905,18.11,51164,1.28,0.5,19.0,4.719,6.086,9128.34,0.105,71.937,13.7,east_north_central_naturalgas,106.0,0,0,0.0,0.0,0,0.0,0.0,0.0,0.0,0.0,0.0,0.64,0.64,6,6,0.63,1.26,Naturalgas,False,0.06,0.04,Naturalgas,1
MISC_nuclear_1,9,0,0,5446.5,MISC,Nuclear,1,907.75,276.817,10.34,277504,0.0,0.5,6.0,0.0,0.0,51258.16,-0.0,907.75,0.0,east_north_central_uranium,300.0,0,0,0.0,0.0,0,0.0,0.0,0.0,0.0,0.0,0.0,0.25,0.25,24,24,0.041666667,0.083333333,Uranium,True,0.06,0.04,Nuclear,1
MISC_petroleum_liquids_1,9,0,1,2220.4,MISC,Petroleum Liquids,1,3.79,1.329,12.81,0,0.0,0.18,586.0,1.966,4.06,0.0,0.552,3.789,0.0,east_north_central_distillate,0.0,0,0,0.0,0.0,0,0.0,0.0,0.0,0.0,0.0,0.0,3.78,3.78,1,1,0.0,0.0,Diesel,False,0.06,0.04,Petroleum,1
NJ1_natural_gas_fired_combined_cycle_1,10,0,1,7186.2,NJ1,Natural Gas Fired Combined Cycle,1,798.47,421.0,9.44,12955,4.35,0.3,9.0,2.23,4.547,1542.0,0.254,798.467,2.0,middle_atlantic_naturalgas,112.0,0,0,0.0,0.0,0,0.0,0.0,0.0,0.0,0.0,0.0,0.64,0.64,6,6,0.106666667,0.213333333,Naturalgas,False,0.06,0.04,Naturalgas,1
NJ1_natural_gas_fired_combined_cycle_2,10,0,1,1366.5,NJ1,Natural Gas Fired Combined Cycle,2,227.75,159.517,9.35,19989,5.52,0.3,6.0,0.87,1.554,0.0,0.254,227.75,2.0,middle_atlantic_naturalgas,112.0,0,0,0.0,0.0,0,0.0,0.0,0.0,0.0,0.0,0.0,0.64,0.64,6,6,0.106666667,0.213333333,Naturalgas,False,0.06,0.04,Naturalgas,1
NJ1_natural_gas_fired_combustion_turbine_1,10,0,1,2935.5,NJ1,Natural Gas Fired Combustion Turbine,1,65.23,45.631,11.75,15163,0.0,0.3,45.0,2.041,1.658,1959.905,0.191,65.233,3.5,middle_atlantic_naturalgas,145.0,0,0,0.0,0.0,0,0.0,0.0,0.0,0.0,0.0,0.0,3.78,3.78,1,1,0.106666667,0.213333333,Naturalgas,False,0.06,0.04,Naturalgas,1
NJ1_nuclear_1,10,0,0,3456.7,NJ1,Nuclear,1,1152.23,1152.233,10.34,267911,0.0,0.5,3.0,0.0,0.0,57308.365,-0.0,1152.233,0.0,middle_atlantic_uranium,300.0,0,0,0.0,0.0,0,0.0,0.0,0.0,0.0,0.0,0.0,0.25,0.25,24,24,0.041666667,0.083333333,Uranium,True,0.06,0.04,Nuclear,1
NJ1_petroleum_liquids_1,10,0,1,47.1,NJ1,Petroleum Liquids,1,11.78,10.125,11.08,0,0.0,0.18,4.0,0.519,1.037,0.0,0.022,11.775,0.0,middle_atlantic_distillate,0.0,0,0,0.0,0.0,0,0.0,0.0,0.0,0.0,0.0,0.0,3.78,3.78,1,1,0.0,0.0,Diesel,False,0.06,0.04,Petroleum,1
NY1_natural_gas_fired_combined_cycle_1,11,0,1,8402.9,NY1,Natural Gas Fired Combined Cycle,1,442.26,188.963,7.38,13156,4.35,0.3,19.0,0.076,0.217,1564.381,0.249,442.258,2.0,middle_atlantic_naturalgas,112.0,0,0,0.0,0.0,0,0.0,0.0,0.0,0.0,0.0,0.0,0.64,0.64,6,6,0.106666667,0.213333333,Naturalgas,False,0.06,0.04,Naturalgas,1
NY1_natural_gas_fired_combined_cycle_2,11,0,1,2482.1,NY1,Natural Gas Fired Combined Cycle,2,112.82,66.223,8.72,19989,5.52,0.3,22.0,1.392,1.595,0.0,0.249,112.823,2.0,middle_atlantic_naturalgas,112.0,0,0,0.0,0.0,0,0.0,0.0,0.0,0.0,0.0,0.0,0.64,0.64,6,6,0.106666667,0.213333333,Naturalgas,False,0.06,0.04,Naturalgas,1
NY1_natural_gas_fired_combustion_turbine_1,11,0,1,1835.5,NY1,Natural Gas Fired Combustion Turbine,1,35.3,15.877,13.67,15982,0.0,0.3,52.0,6.135,3.525,2471.098,0.096,35.298,3.5,middle_atlantic_naturalgas,145.0,0,0,0.0,0.0,0,0.0,0.0,0.0,0.0,0.0,0.0,3.78,3.78,1,1,0.106666667,0.213333333,Naturalgas,False,0.06,0.04,Naturalgas,1
NY1_natural_gas_steam_turbine_1,11,0,1,6896.4,NY1,Natural Gas Steam Turbine,1,344.82,75.1,11.8,35602,1.28,0.5,20.0,0.986,1.565,11635.027,0.089,344.82,13.7,middle_atlantic_naturalgas,106.0,0,0,0.0,0.0,0,0.0,0.0,0.0,0.0,0.0,0.0,0.64,0.64,6,6,0.63,1.26,Naturalgas,False,0.06,0.04,Naturalgas,1
NY1_nuclear_1,11,0,0,3358.3,NY1,Nuclear,1,839.58,109.5,10.34,312397,0.0,0.5,4.0,0.0,0.0,105447.831,0.0,839.575,0.0,middle_atlantic_uranium,300.0,0,0,0.0,0.0,0,0.0,0.0,0.0,0.0,0.0,0.0,0.25,0.25,24,24,0.041666667,0.083333333,Uranium,True,0.06,0.04,Nuclear,1
NY1_petroleum_liquids_1,11,0,1,2048.1,NY1,Petroleum Liquids,1,64.0,17.478,21.89,0,0.0,0.18,32.0,6.322,4.426,0.0,0.016,64.003,0.0,middle_atlantic_distillate,0.0,0,0,0.0,0.0,0,0.0,0.0,0.0,0.0,0.0,0.0,3.78,3.78,1,1,0.0,0.0,Diesel,False,0.06,0.04,Petroleum,1
NY2_natural_gas_fired_combined_cycle_1,12,0,1,220.1,NY2,Natural Gas Fired Combined Cycle,1,73.37,40.0,8.93,19989,5.52,0.3,3.0,0.205,0.231,0.0,0.266,73.367,2.0,middle_atlantic_naturalgas,112.0,0,0,0.0,0.0,0,0.0,0.0,0.0,0.0,0.0,0.0,0.64,0.64,6,6,0.106666667,0.213333333,Naturalgas,False,0.06,0.04,Naturalgas,1
NY2_natural_gas_fired_combined_cycle_2,12,0,1,527.9,NY2,Natural Gas Fired Combined Cycle,2,263.95,116.0,7.67,19989,5.52,0.3,2.0,0.325,0.46,0.0,0.266,263.95,2.0,middle_atlantic_naturalgas,112.0,0,0,0.0,0.0,0,0.0,0.0,0.0,0.0,0.0,0.0,0.64,0.64,6,6,0.106666667,0.213333333,Naturalgas,False,0.06,0.04,Naturalgas,1
NY2_natural_gas_fired_combustion_turbine_1,12,0,1,868.7,NY2,Natural Gas Fired Combustion Turbine,1,39.49,22.955,12.69,17159,0.0,0.3,22.0,5.454,2.738,2632.526,0.256,39.486,3.5,middle_atlantic_naturalgas,145.0,0,0,0.0,0.0,0,0.0,0.0,0.0,0.0,0.0,0.0,3.78,3.78,1,1,0.106666667,0.213333333,Naturalgas,False,0.06,0.04,Naturalgas,1
NY2_natural_gas_steam_turbine_1,12,0,1,2359.8,NY2,Natural Gas Steam Turbine,1,294.98,26.25,10.65,42177,1.28,0.5,8.0,0.829,0.614,15911.131,0.13,294.975,13.7,middle_atlantic_naturalgas,106.0,0,0,0.0,0.0,0,0.0,0.0,0.0,0.0,0.0,0.0,0.64,0.64,6,6,0.63,1.26,Naturalgas,False,0.06,0.04,Naturalgas,1
NY2_petroleum_liquids_1,12,0,1,1531.4,NY2,Petroleum Liquids,1,35.61,21.444,14.77,0,0.0,0.18,43.0,4.23,4.626,0.0,0.242,35.614,0.0,middle_atlantic_distillate,0.0,0,0,0.0,0.0,0,0.0,0.0,0.0,0.0,0.0,0.0,3.78,3.78,1,1,0.0,0.0,Diesel,False,0.06,0.04,Petroleum,1
OH1_conventional_steam_coal_1,13,0,1,47.0,OH1,Conventional Steam Coal,1,47.0,16.5,19.33,94386,2.28,0.5,1.0,0.0,0.0,0.0,0.003,47.0,16.5,east_north_central_coal,150.0,0,0,0.0,0.0,0,0.0,0.0,0.0,0.0,0.0,0.0,0.57,0.57,24,24,0.095,0.19,Coal,True,0.06,0.04,Coal,1
OH1_natural_gas_fired_combined_cycle_1,13,0,1,3798.9,OH1,Natural Gas Fired Combined Cycle,1,759.78,330.2,7.03,12845,4.36,0.3,5.0,0.482,0.373,1689.176,0.493,759.78,2.0,east_north_central_naturalgas,112.0,0,0,0.0,0.0,0,0.0,0.0,0.0,0.0,0.0,0.0,0.64,0.64,6,6,0.106666667,0.213333333,Naturalgas,False,0.06,0.04,Naturalgas,1
OH1_natural_gas_fired_combined_cycle_2,13,0,1,28.6,OH1,Natural Gas Fired Combined Cycle,2,28.6,8.4,18.78,19989,5.52,0.3,1.0,0.0,0.0,0.0,0.493,28.6,2.0,east_north_central_naturalgas,112.0,0,0,0.0,0.0,0,0.0,0.0,0.0,0.0,0.0,0.0,0.64,0.64,6,6,0.106666667,0.213333333,Naturalgas,False,0.06,0.04,Naturalgas,1
OH1_natural_gas_fired_combustion_turbine_1,13,0,1,1338.1,OH1,Natural Gas Fired Combustion Turbine,1,95.58,51.929,10.49,14451,0.0,0.3,14.0,2.39,2.198,2557.829,0.025,95.579,3.5,east_north_central_naturalgas,145.0,0,0,0.0,0.0,0,0.0,0.0,0.0,0.0,0.0,0.0,3.78,3.78,1,1,0.106666667,0.213333333,Naturalgas,False,0.06,0.04,Naturalgas,1
OH1_nuclear_1,13,0,0,2176.0,OH1,Nuclear,1,1088.0,121.5,10.34,333518,0.0,0.5,2.0,0.0,0.0,0.0,0.0,1088.0,0.0,east_north_central_uranium,300.0,0,0,0.0,0.0,0,0.0,0.0,0.0,0.0,0.0,0.0,0.25,0.25,24,24,0.041666667,0.083333333,Uranium,True,0.06,0.04,Nuclear,1
OH1_petroleum_liquids_1,13,0,1,196.2,OH1,Petroleum Liquids,1,6.54,2.573,11.44,0,0.0,0.18,30.0,0.905,0.945,0.0,1.039,6.54,0.0,east_north_central_distillate,0.0,0,0,0.0,0.0,0,0.0,0.0,0.0,0.0,0.0,0.0,3.78,3.78,1,1,0.0,0.0,Diesel,False,0.06,0.04,Petroleum,1
OH2_conventional_steam_coal_1,14,0,1,4937.9,OH2,Conventional Steam Coal,1,448.9,188.636,10.16,82177,2.28,0.5,11.0,0.646,3.932,5612.058,0.302,448.9,16.5,east_north_central_coal,150.0,0,0,0.0,0.0,0,0.0,0.0,0.0,0.0,0.0,0.0,0.57,0.57,24,24,0.095,0.19,Coal,True,0.06,0.04,Coal,1
OH2_natural_gas_fired_combined_cycle_1,14,0,1,2360.0,OH2,Natural Gas Fired Combined Cycle,1,590.0,47.5,7.37,15983,4.56,0.3,4.0,0.0,0.0,2521.0,0.715,590.0,2.0,east_north_central_naturalgas,112.0,0,0,0.0,0.0,0,0.0,0.0,0.0,0.0,0.0,0.0,0.64,0.64,6,6,0.106666667,0.213333333,Naturalgas,False,0.06,0.04,Naturalgas,1
OH2_natural_gas_fired_combined_cycle_2,14,0,1,4457.4,OH2,Natural Gas Fired Combined Cycle,2,742.9,288.167,6.96,12849,4.36,0.3,6.0,0.063,0.11,1592.571,0.715,742.9,2.0,east_north_central_naturalgas,112.0,0,0,0.0,0.0,0,0.0,0.0,0.0,0.0,0.0,0.0,0.64,0.64,6,6,0.106666667,0.213333333,Naturalgas,False,0.06,0.04,Naturalgas,1
OH2_natural_gas_fired_combustion_turbine_1,14,0,1,2908.6,OH2,Natural Gas Fired Combustion Turbine,1,90.89,46.422,11.85,14473,0.0,0.3,32.0,3.327,2.734,2288.949,0.034,90.894,3.5,east_north_central_naturalgas,145.0,0,0,0.0,0.0,0,0.0,0.0,0.0,0.0,0.0,0.0,3.78,3.78,1,1,0.106666667,0.213333333,Naturalgas,False,0.06,0.04,Naturalgas,1
OH2_natural_gas_steam_turbine_1,14,0,1,23.0,OH2,Natural Gas Steam Turbine,1,23.0,7.0,21.66,62182,1.28,0.5,1.0,0.0,0.0,0.0,0.46,23.0,13.7,east_north_central_naturalgas,106.0,0,0,0.0,0.0,0,0.0,0.0,0.0,0.0,0.0,0.0,0.64,0.64,6,6,0.63,1.26,Naturalgas,False,0.06,0.04,Naturalgas,1
OH2_petroleum_liquids_1,14,0,1,145.5,OH2,Petroleum Liquids,1,2.47,1.515,12.64,0,0.0,0.18,59.0,0.504,3.102,0.0,0.218,2.466,0.0,east_north_central_distillate,0.0,0,0,0.0,0.0,0,0.0,0.0,0.0,0.0,0.0,0.0,3.78,3.78,1,1,0.0,0.0,Diesel,False,0.06,0.04,Petroleum,1
OH3_natural_gas_fired_combustion_turbine_1,15,0,1,921.0,OH3,Natural Gas Fired Combustion Turbine,1,61.4,27.7,12.9,14492,0.0,0.3,15.0,2.713,3.087,1499.668,0.046,61.4,3.5,east_north_central_naturalgas,145.0,0,0,0.0,0.0,0,0.0,0.0,0.0,0.0,0.0,0.0,3.78,3.78,1,1,0.106666667,0.213333333,Naturalgas,False,0.06,0.04,Naturalgas,1
OH3_petroleum_liquids_1,15,0,1,60.5,OH3,Petroleum Liquids,1,5.5,4.455,21.88,0,0.0,0.18,11.0,0.105,7.582,0.0,1.506,5.5,0.0,east_north_central_distillate,0.0,0,0,0.0,0.0,0,0.0,0.0,0.0,0.0,0.0,0.0,3.78,3.78,1,1,0.0,0.0,Diesel,False,0.06,0.04,Petroleum,1
OH4_natural_gas_fired_combined_cycle_2,16,0,1,504.9,OH4,Natural Gas Fired Combined Cycle,2,504.9,111.8,6.72,11863,4.38,0.3,1.0,0.0,0.0,0.0,0.515,504.9,2.0,east_north_central_naturalgas,112.0,0,0,0.0,0.0,0,0.0,0.0,0.0,0.0,0.0,0.0,0.64,0.64,6,6,0.106666667,0.213333333,Naturalgas,False,0.06,0.04,Naturalgas,1
OH4_natural_gas_fired_combustion_turbine_1,16,0,1,1488.3,OH4,Natural Gas Fired Combustion Turbine,1,74.42,23.6,15.55,14413,0.0,0.3,20.0,5.098,5.465,1677.228,0.031,74.415,3.5,east_north_central_naturalgas,145.0,0,0,0.0,0.0,0,0.0,0.0,0.0,0.0,0.0,0.0,3.78,3.78,1,1,0.106666667,0.213333333,Naturalgas,False,0.06,0.04,Naturalgas,1
OH4_petroleum_liquids_1,16,0,1,80.0,OH4,Petroleum Liquids,1,20.0,3.0,29.87,0,0.0,0.18,4.0,0.0,0.0,0.0,3.849,20.0,0.0,east_north_central_distillate,0.0,0,0,0.0,0.0,0,0.0,0.0,0.0,0.0,0.0,0.0,3.78,3.78,1,1,0.0,0.0,Diesel,False,0.06,0.04,Petroleum,1
PA1_conventional_steam_coal_1,17,0,1,1700.0,PA1,Conventional Steam Coal,1,850.0,350.0,10.33,77417,2.28,0.5,2.0,0.183,0.258,113.844,0.336,850.0,16.5,middle_atlantic_coal,150.0,0,0,0.0,0.0,0,0.0,0.0,0.0,0.0,0.0,0.0,0.57,0.57,24,24,0.095,0.19,Coal,True,0.06,0.04,Coal,1
PA1_natural_gas_fired_combined_cycle_1,17,0,1,269.4,PA1,Natural Gas Fired Combined Cycle,1,269.4,122.0,13.48,19989,5.52,0.3,1.0,0.0,0.0,0.0,0.395,269.4,2.0,middle_atlantic_naturalgas,112.0,0,0,0.0,0.0,0,0.0,0.0,0.0,0.0,0.0,0.0,0.64,0.64,6,6,0.106666667,0.213333333,Naturalgas,False,0.06,0.04,Naturalgas,1
PA1_natural_gas_fired_combined_cycle_2,17,0,1,2912.4,PA1,Natural Gas Fired Combined Cycle,2,728.1,330.75,6.79,12955,4.35,0.3,4.0,0.206,0.184,1542.0,0.395,728.1,2.0,middle_atlantic_naturalgas,112.0,0,0,0.0,0.0,0,0.0,0.0,0.0,0.0,0.0,0.0,0.64,0.64,6,6,0.106666667,0.213333333,Naturalgas,False,0.06,0.04,Naturalgas,1
PA1_natural_gas_fired_combustion_turbine_1,17,0,1,1011.3,PA1,Natural Gas Fired Combustion Turbine,1,112.37,46.333,10.59,14923,0.0,0.3,9.0,0.134,0.365,2711.126,0.075,112.367,3.5,middle_atlantic_naturalgas,145.0,0,0,0.0,0.0,0,0.0,0.0,0.0,0.0,0.0,0.0,3.78,3.78,1,1,0.106666667,0.213333333,Naturalgas,False,0.06,0.04,Naturalgas,1
PA1_nuclear_1,17,0,0,1872.0,PA1,Nuclear,1,936.0,93.5,10.34,234257,0.0,0.5,2.0,0.0,0.0,0.0,0.0,936.0,0.0,middle_atlantic_uranium,300.0,0,0,0.0,0.0,0,0.0,0.0,0.0,0.0,0.0,0.0,0.25,0.25,24,24,0.041666667,0.083333333,Uranium,True,0.06,0.04,Nuclear,1
PA1_petroleum_liquids_1,17,0,1,26.2,PA1,Petroleum Liquids,1,5.24,5.24,11.16,0,0.0,0.18,5.0,0.0,0.127,0.0,24.064,5.24,0.0,middle_atlantic_distillate,0.0,0,0,0.0,0.0,0,0.0,0.0,0.0,0.0,0.0,0.0,3.78,3.78,1,1,0.0,0.0,Diesel,False,0.06,0.04,Petroleum,1
PA3_natural_gas_fired_combustion_turbine_1,19,0,1,88.0,PA3,Natural Gas Fired Combustion Turbine,1,44.0,4.0,10.2,19144,0.0,0.3,2.0,0.0,0.0,0.0,0.124,44.0,3.5,middle_atlantic_naturalgas,145.0,0,0,0.0,0.0,0,0.0,0.0,0.0,0.0,0.0,0.0,3.78,3.78,1,1,0.106666667,0.213333333,Naturalgas,False,0.06,0.04,Naturalgas,1
PA4_conventional_steam_coal_1,20,0,1,5809.9,PA4,Conventional Steam Coal,1,341.76,146.588,11.0,79092,2.28,0.5,17.0,3.593,2.588,8408.618,0.186,341.759,16.5,middle_atlantic_coal,150.0,0,0,0.0,0.0,0,0.0,0.0,0.0,0.0,0.0,0.0,0.57,0.57,24,24,0.095,0.19,Coal,True,0.06,0.04,Coal,1
PA4_natural_gas_fired_combined_cycle_1,20,0,1,6261.0,PA4,Natural Gas Fired Combined Cycle,1,695.67,344.889,6.53,15337,4.41,0.3,9.0,0.064,0.13,1680.667,0.418,695.667,2.0,middle_atlantic_naturalgas,112.0,0,0,0.0,0.0,0,0.0,0.0,0.0,0.0,0.0,0.0,0.64,0.64,6,6,0.106666667,0.213333333,Naturalgas,False,0.06,0.04,Naturalgas,1
PA4_natural_gas_fired_combined_cycle_2,20,0,1,10068.2,PA4,Natural Gas Fired Combined Cycle,2,592.25,273.565,7.21,13159,4.37,0.3,17.0,0.805,0.586,2255.315,0.418,592.247,2.0,middle_atlantic_naturalgas,112.0,0,0,0.0,0.0,0,0.0,0.0,0.0,0.0,0.0,0.0,0.64,0.64,6,6,0.106666667,0.213333333,Naturalgas,False,0.06,0.04,Naturalgas,1
PA4_natural_gas_fired_combustion_turbine_1,20,0,1,775.0,PA4,Natural Gas Fired Combustion Turbine,1,45.59,18.882,17.23,17027,0.0,0.3,17.0,13.245,6.089,1525.45,0.201,45.588,3.5,middle_atlantic_naturalgas,145.0,0,0,0.0,0.0,0,0.0,0.0,0.0,0.0,0.0,0.0,3.78,3.78,1,1,0.106666667,0.213333333,Naturalgas,False,0.06,0.04,Naturalgas,1
PA4_natural_gas_steam_turbine_1,20,0,1,2666.3,PA4,Natural Gas Steam Turbine,1,266.63,59.5,13.73,37813,1.28,0.5,10.0,3.87,3.279,13671.216,0.059,266.63,13.7,middle_atlantic_naturalgas,106.0,0,0,0.0,0.0,0,0.0,0.0,0.0,0.0,0.0,0.0,0.64,0.64,6,6,0.63,1.26,Naturalgas,False,0.06,0.04,Naturalgas,1
PA4_nuclear_1,20,0,0,7557.0,PA4,Nuclear,1,1259.5,113.85,10.34,234257,0.0,0.5,6.0,0.0,0.0,0.0,0.0,1259.5,0.0,middle_atlantic_uranium,300.0,0,0,0.0,0.0,0,0.0,0.0,0.0,0.0,0.0,0.0,0.25,0.25,24,24,0.041666667,0.083333333,Uranium,True,0.06,0.04,Nuclear,1
PA4_petroleum_liquids_1,20,0,1,1543.1,PA4,Petroleum Liquids,1,20.85,7.196,17.35,0,0.0,0.18,74.0,6.249,7.027,0.0,0.818,20.853,0.0,middle_atlantic_distillate,0.0,0,0,0.0,0.0,0,0.0,0.0,0.0,0.0,0.0,0.0,3.78,3.78,1,1,0.0,0.0,Diesel,False,0.06,0.04,Petroleum,1
SERC_conventional_steam_coal_1,21,0,1,23209.0,SERC,Conventional Steam Coal,1,644.69,286.25,10.71,81336,2.28,0.5,36.0,1.241,1.602,5086.72,0.224,644.694,16.5,south_atlantic_coal,150.0,0,0,0.0,0.0,0,0.0,0.0,0.0,0.0,0.0,0.0,0.57,0.57,24,24,0.095,0.19,Coal,True,0.06,0.04,Coal,1
SERC_natural_gas_fired_combined_cycle_1,21,0,1,35412.3,SERC,Natural Gas Fired Combined Cycle,1,632.36,306.55,7.1,13200,4.35,0.3,56.0,0.275,0.401,1519.812,0.346,632.363,2.0,south_atlantic_naturalgas,112.0,0,0,0.0,0.0,0,0.0,0.0,0.0,0.0,0.0,0.0,0.64,0.64,6,6,0.106666667,0.213333333,Naturalgas,False,0.06,0.04,Naturalgas,1
SERC_natural_gas_fired_combined_cycle_2,21,0,1,1821.5,SERC,Natural Gas Fired Combined Cycle,2,202.39,119.967,8.54,19989,5.52,0.3,9.0,0.593,1.549,0.0,0.346,202.389,2.0,south_atlantic_naturalgas,112.0,0,0,0.0,0.0,0,0.0,0.0,0.0,0.0,0.0,0.0,0.64,0.64,6,6,0.106666667,0.213333333,Naturalgas,False,0.06,0.04,Naturalgas,1
SERC_natural_gas_fired_combustion_turbine_1,21,0,1,25820.8,SERC,Natural Gas Fired Combustion Turbine,1,109.41,61.272,12.26,14240,0.0,0.3,236.0,1.501,3.131,1670.905,0.16,109.41,3.5,south_atlantic_naturalgas,145.0,0,0,0.0,0.0,0,0.0,0.0,0.0,0.0,0.0,0.0,3.78,3.78,1,1,0.106666667,0.213333333,Naturalgas,False,0.06,0.04,Naturalgas,1
SERC_natural_gas_steam_turbine_1,21,0,1,3181.1,SERC,Natural Gas Steam Turbine,1,212.07,62.867,11.64,43215,1.28,0.5,15.0,0.662,1.503,14125.369,0.518,212.073,13.7,south_atlantic_naturalgas,106.0,0,0,0.0,0.0,0,0.0,0.0,0.0,0.0,0.0,0.0,0.64,0.64,6,6,0.63,1.26,Naturalgas,False,0.06,0.04,Naturalgas,1
SERC_nuclear_1,21,0,0,28618.0,SERC,Nuclear,1,1059.93,759.378,10.34,246265,0.0,0.5,27.0,0.0,0.0,42824.459,0.0,1059.926,0.0,south_atlantic_uranium,300.0,0,0,0.0,0.0,0,0.0,0.0,0.0,0.0,0.0,0.0,0.25,0.25,24,24,0.041666667,0.083333333,Uranium,True,0.06,0.04,Nuclear,1
SERC_petroleum_liquids_1,21,0,1,1612.7,SERC,Petroleum Liquids,1,11.12,2.926,11.65,0,0.0,0.18,145.0,1.721,4.209,0.0,0.204,11.122,0.0,south_atlantic_distillate,0.0,0,0,0.0,0.0,0,0.0,0.0,0.0,0.0,0.0,0.0,3.78,3.78,1,1,0.0,0.0,Diesel,False,0.06,0.04,Petroleum,1
VA1_conventional_steam_coal_1,22,0,1,624.0,VA1,Conventional Steam Coal,1,624.0,295.0,14.5,77280,2.28,0.5,1.0,0.0,0.0,0.0,0.129,624.0,16.5,south_atlantic_coal,150.0,0,0,0.0,0.0,0,0.0,0.0,0.0,0.0,0.0,0.0,0.57,0.57,24,24,0.095,0.19,Coal,True,0.06,0.04,Coal,1
VA1_natural_gas_fired_combustion_turbine_1,22,0,1,371.0,VA1,Natural Gas Fired Combustion Turbine,1,53.0,19.0,11.04,16834,0.0,0.3,7.0,0.509,0.497,1467.266,0.078,53.0,3.5,south_atlantic_naturalgas,145.0,0,0,0.0,0.0,0,0.0,0.0,0.0,0.0,0.0,0.0,3.78,3.78,1,1,0.106666667,0.213333333,Naturalgas,False,0.06,0.04,Naturalgas,1
VA1_petroleum_liquids_1,22,0,1,9.5,VA1,Petroleum Liquids,1,1.58,0.65,9.49,0,0.0,0.18,6.0,0.532,0.455,0.0,0.005,1.583,0.0,south_atlantic_distillate,0.0,0,0,0.0,0.0,0,0.0,0.0,0.0,0.0,0.0,0.0,3.78,3.78,1,1,0.0,0.0,Diesel,False,0.06,0.04,Petroleum,1
VA2_conventional_steam_coal_1,23,0,1,881.0,VA2,Conventional Steam Coal,1,440.5,130.0,11.99,79940,2.28,0.5,2.0,0.644,0.91,113.844,0.181,440.5,16.5,south_atlantic_coal,150.0,0,0,0.0,0.0,0,0.0,0.0,0.0,0.0,0.0,0.0,0.57,0.57,24,24,0.095,0.19,Coal,True,0.06,0.04,Coal,1
VA2_natural_gas_fired_combined_cycle_1,23,0,1,6969.3,VA2,Natural Gas Fired Combined Cycle,1,871.16,298.825,7.06,13711,4.34,0.3,8.0,0.5,0.74,1596.122,0.382,871.162,2.0,south_atlantic_naturalgas,112.0,0,0,0.0,0.0,0,0.0,0.0,0.0,0.0,0.0,0.0,0.64,0.64,6,6,0.106666667,0.213333333,Naturalgas,False,0.06,0.04,Naturalgas,1
VA2_natural_gas_fired_combined_cycle_2,23,0,1,1033.0,VA2,Natural Gas Fired Combined Cycle,2,206.6,110.2,8.11,19989,5.52,0.3,5.0,0.743,0.629,0.0,0.382,206.6,2.0,south_atlantic_naturalgas,112.0,0,0,0.0,0.0,0,0.0,0.0,0.0,0.0,0.0,0.0,0.64,0.64,6,6,0.106666667,0.213333333,Naturalgas,False,0.06,0.04,Naturalgas,1
VA2_natural_gas_fired_combustion_turbine_1,23,0,1,4501.0,VA2,Natural Gas Fired Combustion Turbine,1,145.19,70.5,11.08,14000,0.0,0.3,31.0,1.314,0.973,0.0,0.141,145.194,3.5,south_atlantic_naturalgas,145.0,0,0,0.0,0.0,0,0.0,0.0,0.0,0.0,0.0,0.0,3.78,3.78,1,1,0.106666667,0.213333333,Naturalgas,False,0.06,0.04,Naturalgas,1
VA2_natural_gas_steam_turbine_1,23,0,1,55.0,VA2,Natural Gas Steam Turbine,1,27.5,5.0,11.66,62182,1.28,0.5,2.0,0.0,0.0,0.0,0.512,27.5,13.7,south_atlantic_naturalgas,106.0,0,0,0.0,0.0,0,0.0,0.0,0.0,0.0,0.0,0.0,0.64,0.64,6,6,0.63,1.26,Naturalgas,False,0.06,0.04,Naturalgas,1
VA2_nuclear_1,23,0,0,3708.0,VA2,Nuclear,1,927.0,187.0,10.34,234257,0.0,0.5,4.0,0.0,0.0,0.0,0.0,927.0,0.0,south_atlantic_uranium,300.0,0,0,0.0,0.0,0,0.0,0.0,0.0,0.0,0.0,0.0,0.25,0.25,24,24,0.041666667,0.083333333,Uranium,True,0.06,0.04,Nuclear,1
VA2_petroleum_liquids_1,23,0,1,440.1,VA2,Petroleum Liquids,1,6.03,1.007,15.64,0,0.0,0.18,73.0,5.714,3.145,0.0,0.241,6.029,0.0,south_atlantic_distillate,0.0,0,0,0.0,0.0,0,0.0,0.0,0.0,0.0,0.0,0.0,3.78,3.78,1,1,0.0,0.0,Diesel,False,0.06,0.04,Petroleum,1
VA3_natural_gas_fired_combined_cycle_1,24,0,1,1472.2,VA3,Natural Gas Fired Combined Cycle,1,1472.2,579.0,6.84,14947,4.31,0.3,1.0,0.0,0.0,0.0,0.356,1472.2,2.0,south_atlantic_naturalgas,112.0,0,0,0.0,0.0,0,0.0,0.0,0.0,0.0,0.0,0.0,0.64,0.64,6,6,0.106666667,0.213333333,Naturalgas,False,0.06,0.04,Naturalgas,1
VA4_petroleum_liquids_1,25,0,1,400.0,VA4,Petroleum Liquids,1,18.18,12.968,10.92,0,0.0,0.18,22.0,0.308,1.885,0.0,0.02,18.182,0.0,south_atlantic_distillate,0.0,0,0,0.0,0.0,0,0.0,0.0,0.0,0.0,0.0,0.0,3.78,3.78,1,1,0.0,0.0,Diesel,False,0.06,0.04,Petroleum,1
WV1_conventional_steam_coal_1,26,0,1,8408.0,WV1,Conventional Steam Coal,1,600.57,291.929,10.3,76946,2.28,0.5,14.0,0.688,1.053,4530.604,0.271,600.571,16.5,south_atlantic_coal,150.0,0,0,0.0,0.0,0,0.0,0.0,0.0,0.0,0.0,0.0,0.57,0.57,24,24,0.095,0.19,Coal,True,0.06,0.04,Coal,1
WV1_natural_gas_fired_combustion_turbine_1,26,0,1,339.5,WV1,Natural Gas Fired Combustion Turbine,1,169.75,105.0,10.38,14000,0.0,0.3,2.0,0.0,0.0,0.0,0.159,169.75,3.5,south_atlantic_naturalgas,145.0,0,0,0.0,0.0,0,0.0,0.0,0.0,0.0,0.0,0.0,3.78,3.78,1,1,0.106666667,0.213333333,Naturalgas,False,0.06,0.04,Naturalgas,1
WV1_petroleum_liquids_1,26,0,1,15.0,WV1,Petroleum Liquids,1,15.0,5.0,11.04,0,0.0,0.18,1.0,0.0,0.0,0.0,23.006,15.0,0.0,south_atlantic_distillate,0.0,0,0,0.0,0.0,0,0.0,0.0,0.0,0.0,0.0,0.0,3.78,3.78,1,1,0.0,0.0,Diesel,False,0.06,0.04,Petroleum,1
WV2_conventional_steam_coal_1,27,0,1,4198.0,WV2,Conventional Steam Coal,1,1049.5,425.0,9.7,80471,2.28,0.5,4.0,0.349,0.215,3686.526,0.249,1049.5,16.5,south_atlantic_coal,150.0,0,0,0.0,0.0,0,0.0,0.0,0.0,0.0,0.0,0.0,0.57,0.57,24,24,0.095,0.19,Coal,True,0.06,0.04,Coal,1
WV2_natural_gas_fired_combustion_turbine_1,27,0,1,858.0,WV2,Natural Gas Fired Combustion Turbine,1,71.5,44.5,11.97,14000,0.0,0.3,12.0,0.621,0.324,0.0,0.053,71.5,3.5,south_atlantic_naturalgas,145.0,0,0,0.0,0.0,0,0.0,0.0,0.0,0.0,0.0,0.0,3.78,3.78,1,1,0.106666667,0.213333333,Naturalgas,False,0.06,0.04,Naturalgas,1
DE1_naturalgas_1on1_combined_cycle_hframe_moderate_0,1,1,1,0.0,DE1,NaturalGas_1-on-1 Combined Cycle (H-Frame)_Moderate,0,500.0,0.0,6.02,37193,2.43,0.3,0.0,0.0,0.0,0.0,0.0,0.0,2.0,south_atlantic_naturalgas,0.0,Moderate,1-on-1 Combined Cycle (H-Frame),2040.5,1533311.52,182984,-1.0,1.192,20.0,55340.0,2633.824,180351.0,0.64,0.64,6,6,0.0,0.0,Naturalgas,False,0.06,0.04,Naturalgas,1
DE1_naturalgas_combustion_turbine_fframe_moderate_0,1,1,1,0.0,DE1,NaturalGas_Combustion Turbine (F-Frame)_Moderate,0,100.0,0.0,9.72,25124,7.44,0.3,0.0,0.0,0.0,0.0,0.0,0.0,3.5,south_atlantic_naturalgas,0.0,Moderate,Combustion Turbine (F-Frame),2040.5,1132096.797,128051,-1.0,1.123,20.0,55340.0,2633.824,125418.0,3.78,3.78,1,1,0.0,0.0,Naturalgas,False,0.06,0.04,Naturalgas,1
DE1_nuclear_nuclear__large_conservative_0,1,1,1,0.0,DE1,Nuclear_Nuclear - Large_Conservative,0,1000.0,0.0,10.5,218662,3.64,0.5,0.0,0.0,0.0,0.0,0.0,0.0,0.0,south_atlantic_uranium,419.0,Conservative,Nuclear - Large,2040.5,6984617.055,497709,-1.0,1.107,50.0,138350.0,6584.561,491125.0,0.25,0.25,24,24,0.041666667,0.083333333,Uranium,True,0.06,0.04,Nuclear,1
IL1_naturalgas_1on1_combined_cycle_hframe_moderate_0,2,1,1,0.0,IL1,NaturalGas_1-on-1 Combined Cycle (H-Frame)_Moderate,0,500.0,0.0,6.02,37193,2.43,0.3,0.0,0.0,0.0,0.0,0.0,0.0,2.0,east_north_central_naturalgas,0.0,Moderate,1-on-1 Combined Cycle (H-Frame),2040.5,1533311.52,190775,-1.0,1.249,20.0,35740.0,1700.992,189075.0,0.64,0.64,6,6,0.0,0.0,Naturalgas,False,0.06,0.04,Naturalgas,1
IL1_naturalgas_combustion_turbine_fframe_moderate_0,2,1,1,0.0,IL1,NaturalGas_Combustion Turbine (F-Frame)_Moderate,0,100.0,0.0,9.72,25124,7.44,0.3,0.0,0.0,0.0,0.0,0.0,0.0,3.5,east_north_central_naturalgas,0.0,Moderate,Combustion Turbine (F-Frame),2040.5,1132096.797,139864,-1.0,1.237,20.0,35740.0,1700.992,138164.0,3.78,3.78,1,1,0.0,0.0,Naturalgas,False,0.06,0.04,Naturalgas,1
IL1_nuclear_nuclear__large_conservative_0,2,1,1,0.0,IL1,Nuclear_Nuclear - Large_Conservative,0,1000.0,0.0,10.5,218662,3.64,0.5,0.0,0.0,0.0,0.0,0.0,0.0,0.0,east_north_central_uranium,419.0,Conservative,Nuclear - Large,2040.5,6984617.055,544265,-1.0,1.217,50.0,89350.0,4252.479,540013.0,0.25,0.25,24,24,0.041666667,0.083333333,Uranium,True,0.06,0.04,Nuclear,1
ISONE_naturalgas_1on1_combined_cycle_hframe_moderate_0,3,1,1,0.0,ISONE,NaturalGas_1-on-1 Combined Cycle (H-Frame)_Moderate,0,500.0,0.0,6.02,37193,2.43,0.3,0.0,0.0,0.0,0.0,0.0,0.0,2.0,new_england_naturalgas,0.0,Moderate,1-on-1 Combined Cycle (H-Frame),2040.5,1533311.52,182064,-1.0,1.186,20.0,56000.0,2665.236,179399.0,0.64,0.64,6,6,0.0,0.0,Naturalgas,False,0.06,0.04,Naturalgas,1
ISONE_naturalgas_combustion_turbine_fframe_moderate_0,3,1,1,0.0,ISONE,NaturalGas_Combustion Turbine (F-Frame)_Moderate,0,100.0,0.0,9.72,25124,7.44,0.3,0.0,0.0,0.0,0.0,0.0,0.0,3.5,new_england_naturalgas,0.0,Moderate,Combustion Turbine (F-Frame),2040.5,1132096.797,128712,-1.0,1.128,20.0,56000.0,2665.236,126047.0,3.78,3.78,1,1,0.0,0.0,Naturalgas,False,0.06,0.04,Naturalgas,1
ISONE_nuclear_nuclear__large_conservative_0,3,1,1,0.0,ISONE,Nuclear_Nuclear - Large_Conservative,0,1000.0,0.0,10.5,218662,3.64,0.5,0.0,0.0,0.0,0.0,0.0,0.0,0.0,new_england_uranium,419.0,Conservative,Nuclear - Large,2040.5,6984617.055,509307,-1.0,1.133,50.0,140000.0,6663.09,502644.0,0.25,0.25,24,24,0.041666667,0.083333333,Uranium,True,0.06,0.04,Nuclear,1
KY3_naturalgas_1on1_combined_cycle_hframe_moderate_0,4,1,1,0.0,KY3,NaturalGas_1-on-1 Combined Cycle (H-Frame)_Moderate,0,500.0,0.0,6.02,37193,2.43,0.3,0.0,0.0,0.0,0.0,0.0,0.0,2.0,east_south_central_naturalgas,0.0,Moderate,1-on-1 Combined Cycle (H-Frame),2040.5,1533311.52,144834,-1.0,0.944,20.0,40300.0,1918.018,142916.0,0.64,0.64,6,6,0.0,0.0,Naturalgas,False,0.06,0.04,Naturalgas,1
KY3_naturalgas_combustion_turbine_fframe_moderate_0,4,1,1,0.0,KY3,NaturalGas_Combustion Turbine (F-Frame)_Moderate,0,100.0,0.0,9.72,25124,7.44,0.3,0.0,0.0,0.0,0.0,0.0,0.0,3.5,east_south_central_naturalgas,0.0,Moderate,Combustion Turbine (F-Frame),2040.5,1132096.797,107823,-1.0,0.948,20.0,40300.0,1918.018,105905.0,3.78,3.78,1,1,0.0,0.0,Naturalgas,False,0.06,0.04,Naturalgas,1
KY3_nuclear_nuclear__large_conservative_0,4,1,1,0.0,KY3,Nuclear_Nuclear - Large_Conservative,0,1000.0,0.0,10.5,218662,3.64,0.5,0.0,0.0,0.0,0.0,0.0,0.0,0.0,east_south_central_uranium,419.0,Conservative,Nuclear - Large,2040.5,6984617.055,457006,-1.0,1.019,50.0,100750.0,4795.045,452211.0,0.25,0.25,24,24,0.041666667,0.083333333,Uranium,True,0.06,0.04,Nuclear,1
KY4_naturalgas_1on1_combined_cycle_hframe_moderate_0,5,1,1,0.0,KY4,NaturalGas_1-on-1 Combined Cycle (H-Frame)_Moderate,0,500.0,0.0,6.02,37193,2.43,0.3,0.0,0.0,0.0,0.0,0.0,0.0,2.0,east_south_central_naturalgas,0.0,Moderate,1-on-1 Combined Cycle (H-Frame),2040.5,1533311.52,145084,-1.0,0.944,20.0,45560.0,2168.36,142916.0,0.64,0.64,6,6,0.0,0.0,Naturalgas,False,0.06,0.04,Naturalgas,1
KY4_naturalgas_combustion_turbine_fframe_moderate_0,5,1,1,0.0,KY4,NaturalGas_Combustion Turbine (F-Frame)_Moderate,0,100.0,0.0,9.72,25124,7.44,0.3,0.0,0.0,0.0,0.0,0.0,0.0,3.5,east_south_central_naturalgas,0.0,Moderate,Combustion Turbine (F-Frame),2040.5,1132096.797,108073,-1.0,0.948,20.0,45560.0,2168.36,105905.0,3.78,3.78,1,1,0.0,0.0,Naturalgas,False,0.06,0.04,Naturalgas,1
KY4_nuclear_nuclear__large_conservative_0,5,1,1,0.0,KY4,Nuclear_Nuclear - Large_Conservative,0,1000.0,0.0,10.5,218662,3.64,0.5,0.0,0.0,0.0,0.0,0.0,0.0,0.0,east_south_central_uranium,419.0,Conservative,Nuclear - Large,2040.5,6984617.055,457631,-1.0,1.019,50.0,113900.0,5420.9,452211.0,0.25,0.25,24,24,0.041666667,0.083333333,Uranium,True,0.06,0.04,Nuclear,1
MD1_naturalgas_1on1_combined_cycle_hframe_moderate_0,6,1,1,0.0,MD1,NaturalGas_1-on-1 Combined Cycle (H-Frame)_Moderate,0,500.0,0.0,6.02,37193,2.43,0.3,0.0,0.0,0.0,0.0,0.0,0.0,2.0,south_atlantic_naturalgas,0.0,Moderate,1-on-1 Combined Cycle (H-Frame),2040.5,1533311.52,182912,-1.0,1.192,20.0,53820.0,2561.482,180351.0,0.64,0.64,6,6,0.0,0.0,Naturalgas,False,0.06,0.04,Naturalgas,1
MD1_naturalgas_combustion_turbine_fframe_moderate_0,6,1,1,0.0,MD1,NaturalGas_Combustion Turbine (F-Frame)_Moderate,0,100.0,0.0,9.72,25124,7.44,0.3,0.0,0.0,0.0,0.0,0.0,0.0,3.5,south_atlantic_naturalgas,0.0,Moderate,Combustion Turbine (F-Frame),2040.5,1132096.797,127979,-1.0,1.123,20.0,53820.0,2561.482,125418.0,3.78,3.78,1,1,0.0,0.0,Naturalgas,False,0.06,0.04,Naturalgas,1
MD1_nuclear_nuclear__large_conservative_0,6,1,1,0.0,MD1,Nuclear_Nuclear - Large_Conservative,0,1000.0,0.0,10.5,218662,3.64,0.5,0.0,0.0,0.0,0.0,0.0,0.0,0.0,south_atlantic_uranium,419.0,Conservative,Nuclear - Large,2040.5,6984617.055,497528,-1.0,1.107,50.0,134550.0,6403.706,491125.0,0.25,0.25,24,24,0.041666667,0.083333333,Uranium,True,0.06,0.04,Nuclear,1
MD2_naturalgas_1on1_combined_cycle_hframe_moderate_0,7,1,1,0.0,MD2,NaturalGas_1-on-1 Combined Cycle (H-Frame)_Moderate,0,500.0,0.0,6.02,37193,2.43,0.3,0.0,0.0,0.0,0.0,0.0,0.0,2.0,south_atlantic_naturalgas,0.0,Moderate,1-on-1 Combined Cycle (H-Frame),2040.5,1533311.52,182981,-1.0,1.192,20.0,55280.0,2630.969,180351.0,0.64,0.64,6,6,0.0,0.0,Naturalgas,False,0.06,0.04,Naturalgas,1
MD2_naturalgas_combustion_turbine_fframe_moderate_0,7,1,1,0.0,MD2,NaturalGas_Combustion Turbine (F-Frame)_Moderate,0,100.0,0.0,9.72,25124,7.44,0.3,0.0,0.0,0.0,0.0,0.0,0.0,3.5,south_atlantic_naturalgas,0.0,Moderate,Combustion Turbine (F-Frame),2040.5,1132096.797,128048,-1.0,1.123,20.0,55280.0,2630.969,125418.0,3.78,3.78,1,1,0.0,0.0,Naturalgas,False,0.06,0.04,Naturalgas,1
MD2_nuclear_nuclear__large_conservative_0,7,1,1,0.0,MD2,Nuclear_Nuclear - Large_Conservative,0,1000.0,0.0,10.5,218662,3.64,0.5,0.0,0.0,0.0,0.0,0.0,0.0,0.0,south_atlantic_uranium,419.0,Conservative,Nuclear - Large,2040.5,6984617.055,497702,-1.0,1.107,50.0,138200.0,6577.422,491125.0,0.25,0.25,24,24,0.041666667,0.083333333,Uranium,True,0.06,0.04,Nuclear,1
MI_naturalgas_1on1_combined_cycle_hframe_moderate_0,8,1,1,0.0,MI,NaturalGas_1-on-1 Combined Cycle (H-Frame)_Moderate,0,500.0,0.0,6.02,37193,2.43,0.3,0.0,0.0,0.0,0.0,0.0,0.0,2.0,east_north_central_naturalgas,0.0,Moderate,1-on-1 Combined Cycle (H-Frame),2040.5,1533311.52,165143,-1.0,1.08,20.0,37100.0,1765.719,163378.0,0.64,0.64,6,6,0.0,0.0,Naturalgas,False,0.06,0.04,Naturalgas,1
MI_naturalgas_combustion_turbine_fframe_moderate_0,8,1,1,0.0,MI,NaturalGas_Combustion Turbine (F-Frame)_Moderate,0,100.0,0.0,9.72,25124,7.44,0.3,0.0,0.0,0.0,0.0,0.0,0.0,3.5,east_north_central_naturalgas,0.0,Moderate,Combustion Turbine (F-Frame),2040.5,1132096.797,122776,-1.0,1.083,20.0,37100.0,1765.719,121011.0,3.78,3.78,1,1,0.0,0.0,Naturalgas,False,0.06,0.04,Naturalgas,1
MI_nuclear_nuclear__large_conservative_0,8,1,1,0.0,MI,Nuclear_Nuclear - Large_Conservative,0,1000.0,0.0,10.5,218662,3.64,0.5,0.0,0.0,0.0,0.0,0.0,0.0,0.0,east_north_central_uranium,419.0,Conservative,Nuclear - Large,2040.5,6984617.055,479664,-1.0,1.071,50.0,92750.0,4414.297,475250.0,0.25,0.25,24,24,0.041666667,0.083333333,Uranium,True,0.06,0.04,Nuclear,1
MISC_naturalgas_1on1_combined_cycle_hframe_moderate_0,9,1,1,0.0,MISC,NaturalGas_1-on-1 Combined Cycle (H-Frame)_Moderate,0,500.0,0.0,6.02,37193,2.43,0.3,0.0,0.0,0.0,0.0,0.0,0.0,2.0,east_north_central_naturalgas,0.0,Moderate,1-on-1 Combined Cycle (H-Frame),2040.5,1533311.52,160773,-1.0,1.051,20.0,35240.0,1677.195,159096.0,0.64,0.64,6,6,0.0,0.0,Naturalgas,False,0.06,0.04,Naturalgas,1
MISC_naturalgas_combustion_turbine_fframe_moderate_0,9,1,1,0.0,MISC,NaturalGas_Combustion Turbine (F-Frame)_Moderate,0,100.0,0.0,9.72,25124,7.44,0.3,0.0,0.0,0.0,0.0,0.0,0.0,3.5,east_north_central_naturalgas,0.0,Moderate,Combustion Turbine (F-Frame),2040.5,1132096.797,120328,-1.0,1.062,20.0,35240.0,1677.195,118651.0,3.78,3.78,1,1,0.0,0.0,Naturalgas,False,0.06,0.04,Naturalgas,1
MISC_nuclear_nuclear__large_conservative_0,9,1,1,0.0,MISC,Nuclear_Nuclear - Large_Conservative,0,1000.0,0.0,10.5,218662,3.64,0.5,0.0,0.0,0.0,0.0,0.0,0.0,0.0,east_north_central_uranium,419.0,Conservative,Nuclear - Large,2040.5,6984617.055,460337,-1.0,1.028,50.0,88100.0,4192.987,456145.0,0.25,0.25,24,24,0.041666667,0.083333333,Uranium,True,0.06,0.04,Nuclear,1
NJ1_naturalgas_1on1_combined_cycle_hframe_moderate_0,10,1,1,0.0,NJ1,NaturalGas_1-on-1 Combined Cycle (H-Frame)_Moderate,0,500.0,0.0,6.02,37193,2.43,0.3,0.0,0.0,0.0,0.0,0.0,0.0,2.0,middle_atlantic_naturalgas,0.0,Moderate,1-on-1 Combined Cycle (H-Frame),2040.5,1533311.52,183020,-1.0,1.192,20.0,56100.0,2669.995,180351.0,0.64,0.64,6,6,0.0,0.0,Naturalgas,False,0.06,0.04,Naturalgas,1
NJ1_naturalgas_combustion_turbine_fframe_moderate_0,10,1,1,0.0,NJ1,NaturalGas_Combustion Turbine (F-Frame)_Moderate,0,100.0,0.0,9.72,25124,7.44,0.3,0.0,0.0,0.0,0.0,0.0,0.0,3.5,middle_atlantic_naturalgas,0.0,Moderate,Combustion Turbine (F-Frame),2040.5,1132096.797,128087,-1.0,1.123,20.0,56100.0,2669.995,125418.0,3.78,3.78,1,1,0.0,0.0,Naturalgas,False,0.06,0.04,Naturalgas,1
NJ1_nuclear_nuclear__large_conservative_0,10,1,1,0.0,NJ1,Nuclear_Nuclear - Large_Conservative,0,1000.0,0.0,10.5,218662,3.64,0.5,0.0,0.0,0.0,0.0,0.0,0.0,0.0,middle_atlantic_uranium,419.0,Conservative,Nuclear - Large,2040.5,6984617.055,497799,-1.0,1.107,50.0,140250.0,6674.988,491125.0,0.25,0.25,24,24,0.041666667,0.083333333,Uranium,True,0.06,0.04,Nuclear,1
NY1_naturalgas_1on1_combined_cycle_hframe_moderate_0,11,1,1,0.0,NY1,NaturalGas_1-on-1 Combined Cycle (H-Frame)_Moderate,0,500.0,0.0,6.02,37193,2.43,0.3,0.0,0.0,0.0,0.0,0.0,0.0,2.0,middle_atlantic_naturalgas,0.0,Moderate,1-on-1 Combined Cycle (H-Frame),2040.5,1533311.52,178822,-1.0,1.166,20.0,51220.0,2437.739,176385.0,0.64,0.64,6,6,0.0,0.0,Naturalgas,False,0.06,0.04,Naturalgas,1
NY1_naturalgas_combustion_turbine_fframe_moderate_0,11,1,1,0.0,NY1,NaturalGas_Combustion Turbine (F-Frame)_Moderate,0,100.0,0.0,9.72,25124,7.44,0.3,0.0,0.0,0.0,0.0,0.0,0.0,3.5,middle_atlantic_naturalgas,0.0,Moderate,Combustion Turbine (F-Frame),2040.5,1132096.797,123920,-1.0,1.087,20.0,51220.0,2437.739,121483.0,3.78,3.78,1,1,0.0,0.0,Naturalgas,False,0.06,0.04,Naturalgas,1
NY1_nuclear_nuclear__large_conservative_0,11,1,1,0.0,NY1,Nuclear_Nuclear - Large_Conservative,0,1000.0,0.0,10.5,218662,3.64,0.5,0.0,0.0,0.0,0.0,0.0,0.0,0.0,middle_atlantic_uranium,419.0,Conservative,Nuclear - Large,2040.5,6984617.055,475023,-1.0,1.057,50.0,128050.0,6094.348,468929.0,0.25,0.25,24,24,0.041666667,0.083333333,Uranium,True,0.06,0.04,Nuclear,1
NY2_naturalgas_1on1_combined_cycle_hframe_moderate_0,12,1,1,0.0,NY2,NaturalGas_1-on-1 Combined Cycle (H-Frame)_Moderate,0,500.0,0.0,6.02,37193,2.43,0.3,0.0,0.0,0.0,0.0,0.0,0.0,2.0,middle_atlantic_naturalgas,0.0,Moderate,1-on-1 Combined Cycle (H-Frame),2040.5,1533311.52,248555,-1.0,1.624,20.0,59960.0,2853.706,245702.0,0.64,0.64,6,6,0.0,0.0,Naturalgas,False,0.06,0.04,Naturalgas,1
NY2_naturalgas_combustion_turbine_fframe_moderate_0,12,1,1,0.0,NY2,NaturalGas_Combustion Turbine (F-Frame)_Moderate,0,100.0,0.0,9.72,25124,7.44,0.3,0.0,0.0,0.0,0.0,0.0,0.0,3.5,middle_atlantic_naturalgas,0.0,Moderate,Combustion Turbine (F-Frame),2040.5,1132096.797,165566,-1.0,1.456,20.0,59960.0,2853.706,162713.0,3.78,3.78,1,1,0.0,0.0,Naturalgas,False,0.06,0.04,Naturalgas,1
NY2_nuclear_nuclear__large_conservative_0,12,1,1,0.0,NY2,Nuclear_Nuclear - Large_Conservative,0,1000.0,0.0,10.5,218662,3.64,0.5,0.0,0.0,0.0,0.0,0.0,0.0,0.0,middle_atlantic_uranium,419.0,Conservative,Nuclear - Large,2040.5,6984617.055,615785,-1.0,1.372,50.0,149900.0,7134.266,608651.0,0.25,0.25,24,24,0.041666667,0.083333333,Uranium,True,0.06,0.04,Nuclear,1
OH1_naturalgas_1on1_combined_cycle_hframe_moderate_0,13,1,1,0.0,OH1,NaturalGas_1-on-1 Combined Cycle (H-Frame)_Moderate,0,500.0,0.0,6.02,37193,2.43,0.3,0.0,0.0,0.0,0.0,0.0,0.0,2.0,east_north_central_naturalgas,0.0,Moderate,1-on-1 Combined Cycle (H-Frame),2040.5,1533311.52,149753,-1.0,0.976,20.0,43680.0,2078.884,147675.0,0.64,0.64,6,6,0.0,0.0,Naturalgas,False,0.06,0.04,Naturalgas,1
OH1_naturalgas_combustion_turbine_fframe_moderate_0,13,1,1,0.0,OH1,NaturalGas_Combustion Turbine (F-Frame)_Moderate,0,100.0,0.0,9.72,25124,7.44,0.3,0.0,0.0,0.0,0.0,0.0,0.0,3.5,east_north_central_naturalgas,0.0,Moderate,Combustion Turbine (F-Frame),2040.5,1132096.797,109084,-1.0,0.958,20.0,43680.0,2078.884,107006.0,3.78,3.78,1,1,0.0,0.0,Naturalgas,False,0.06,0.04,Naturalgas,1
OH1_nuclear_nuclear__large_conservative_0,13,1,1,0.0,OH1,Nuclear_Nuclear - Large_Conservative,0,1000.0,0.0,10.5,218662,3.64,0.5,0.0,0.0,0.0,0.0,0.0,0.0,0.0,east_north_central_uranium,419.0,Conservative,Nuclear - Large,2040.5,6984617.055,439286,-1.0,0.978,50.0,109200.0,5197.21,434089.0,0.25,0.25,24,24,0.041666667,0.083333333,Uranium,True,0.06,0.04,Nuclear,1
OH2_naturalgas_1on1_combined_cycle_hframe_moderate_0,14,1,1,0.0,OH2,NaturalGas_1-on-1 Combined Cycle (H-Frame)_Moderate,0,500.0,0.0,6.02,37193,2.43,0.3,0.0,0.0,0.0,0.0,0.0,0.0,2.0,east_north_central_naturalgas,0.0,Moderate,1-on-1 Combined Cycle (H-Frame),2040.5,1533311.52,149771,-1.0,0.976,20.0,44060.0,2096.97,147675.0,0.64,0.64,6,6,0.0,0.0,Naturalgas,False,0.06,0.04,Naturalgas,1
OH2_naturalgas_combustion_turbine_fframe_moderate_0,14,1,1,0.0,OH2,NaturalGas_Combustion Turbine (F-Frame)_Moderate,0,100.0,0.0,9.72,25124,7.44,0.3,0.0,0.0,0.0,0.0,0.0,0.0,3.5,east_north_central_naturalgas,0.0,Moderate,Combustion Turbine (F-Frame),2040.5,1132096.797,109102,-1.0,0.958,20.0,44060.0,2096.97,107006.0,3.78,3.78,1,1,0.0,0.0,Naturalgas,False,0.06,0.04,Naturalgas,1
OH2_nuclear_nuclear__large_conservative_0,14,1,1,0.0,OH2,Nuclear_Nuclear - Large_Conservative,0,1000.0,0.0,10.5,218662,3.64,0.5,0.0,0.0,0.0,0.0,0.0,0.0,0.0,east_north_central_uranium,419.0,Conservative,Nuclear - Large,2040.5,6984617.055,439331,-1.0,0.978,50.0,110150.0,5242.424,434089.0,0.25,0.25,24,24,0.041666667,0.083333333,Uranium,True,0.06,0.04,Nuclear,1
OH3_naturalgas_1on1_combined_cycle_hframe_moderate_0,15,1,1,0.0,OH3,NaturalGas_1-on-1 Combined Cycle (H-Frame)_Moderate,0,500.0,0.0,6.02,37193,2.43,0.3,0.0,0.0,0.0,0.0,0.0,0.0,2.0,east_north_central_naturalgas,0.0,Moderate,1-on-1 Combined Cycle (H-Frame),2040.5,1533311.52,149688,-1.0,0.976,20.0,42300.0,2013.205,147675.0,0.64,0.64,6,6,0.0,0.0,Naturalgas,False,0.06,0.04,Naturalgas,1
OH3_naturalgas_combustion_turbine_fframe_moderate_0,15,1,1,0.0,OH3,NaturalGas_Combustion Turbine (F-Frame)_Moderate,0,100.0,0.0,9.72,25124,7.44,0.3,0.0,0.0,0.0,0.0,0.0,0.0,3.5,east_north_central_naturalgas,0.0,Moderate,Combustion Turbine (F-Frame),2040.5,1132096.797,109019,-1.0,0.958,20.0,42300.0,2013.205,107006.0,3.78,3.78,1,1,0.0,0.0,Naturalgas,False,0.06,0.04,Naturalgas,1
OH3_nuclear_nuclear__large_conservative_0,15,1,1,0.0,OH3,Nuclear_Nuclear - Large_Conservative,0,1000.0,0.0,10.5,218662,3.64,0.5,0.0,0.0,0.0,0.0,0.0,0.0,0.0,east_north_central_uranium,419.0,Conservative,Nuclear - Large,2040.5,6984617.055,439122,-1.0,0.978,50.0,105750.0,5033.013,434089.0,0.25,0.25,24,24,0.041666667,0.083333333,Uranium,True,0.06,0.04,Nuclear,1
OH4_naturalgas_1on1_combined_cycle_hframe_moderate_0,16,1,1,0.0,OH4,NaturalGas_1-on-1 Combined Cycle (H-Frame)_Moderate,0,500.0,0.0,6.02,37193,2.43,0.3,0.0,0.0,0.0,0.0,0.0,0.0,2.0,east_north_central_naturalgas,0.0,Moderate,1-on-1 Combined Cycle (H-Frame),2040.5,1533311.52,149753,-1.0,0.976,20.0,43680.0,2078.884,147675.0,0.64,0.64,6,6,0.0,0.0,Naturalgas,False,0.06,0.04,Naturalgas,1
OH4_naturalgas_combustion_turbine_fframe_moderate_0,16,1,1,0.0,OH4,NaturalGas_Combustion Turbine (F-Frame)_Moderate,0,100.0,0.0,9.72,25124,7.44,0.3,0.0,0.0,0.0,0.0,0.0,0.0,3.5,east_north_central_naturalgas,0.0,Moderate,Combustion Turbine (F-Frame),2040.5,1132096.797,109084,-1.0,0.958,20.0,43680.0,2078.884,107006.0,3.78,3.78,1,1,0.0,0.0,Naturalgas,False,0.06,0.04,Naturalgas,1
OH4_nuclear_nuclear__large_conservative_0,16,1,1,0.0,OH4,Nuclear_Nuclear - Large_Conservative,0,1000.0,0.0,10.5,218662,3.64,0.5,0.0,0.0,0.0,0.0,0.0,0.0,0.0,east_north_central_uranium,419.0,Conservative,Nuclear - Large,2040.5,6984617.055,439286,-1.0,0.978,50.0,109200.0,5197.21,434089.0,0.25,0.25,24,24,0.041666667,0.083333333,Uranium,True,0.06,0.04,Nuclear,1
PA1_naturalgas_1on1_combined_cycle_hframe_moderate_0,17,1,1,0.0,PA1,NaturalGas_1-on-1 Combined Cycle (H-Frame)_Moderate,0,500.0,0.0,6.02,37193,2.43,0.3,0.0,0.0,0.0,0.0,0.0,0.0,2.0,middle_atlantic_naturalgas,0.0,Moderate,1-on-1 Combined Cycle (H-Frame),2040.5,1533311.52,182748,-1.0,1.192,20.0,50380.0,2397.761,180351.0,0.64,0.64,6,6,0.0,0.0,Naturalgas,False,0.06,0.04,Naturalgas,1
PA1_naturalgas_combustion_turbine_fframe_moderate_0,17,1,1,0.0,PA1,NaturalGas_Combustion Turbine (F-Frame)_Moderate,0,100.0,0.0,9.72,25124,7.44,0.3,0.0,0.0,0.0,0.0,0.0,0.0,3.5,middle_atlantic_naturalgas,0.0,Moderate,Combustion Turbine (F-Frame),2040.5,1132096.797,127815,-1.0,1.123,20.0,50380.0,2397.761,125418.0,3.78,3.78,1,1,0.0,0.0,Naturalgas,False,0.06,0.04,Naturalgas,1
PA1_nuclear_nuclear__large_conservative_0,17,1,1,0.0,PA1,Nuclear_Nuclear - Large_Conservative,0,1000.0,0.0,10.5,218662,3.64,0.5,0.0,0.0,0.0,0.0,0.0,0.0,0.0,middle_atlantic_uranium,419.0,Conservative,Nuclear - Large,2040.5,6984617.055,497119,-1.0,1.107,50.0,125950.0,5994.401,491125.0,0.25,0.25,24,24,0.041666667,0.083333333,Uranium,True,0.06,0.04,Nuclear,1
PA2_naturalgas_1on1_combined_cycle_hframe_moderate_0,18,1,1,0.0,PA2,NaturalGas_1-on-1 Combined Cycle (H-Frame)_Moderate,0,500.0,0.0,6.02,37193,2.43,0.3,0.0,0.0,0.0,0.0,0.0,0.0,2.0,middle_atlantic_naturalgas,0.0,Moderate,1-on-1 Combined Cycle (H-Frame),2040.5,1533311.52,182876,-1.0,1.192,20.0,53060.0,2525.311,180351.0,0.64,0.64,6,6,0.0,0.0,Naturalgas,False,0.06,0.04,Naturalgas,1
PA2_naturalgas_combustion_turbine_fframe_moderate_0,18,1,1,0.0,PA2,NaturalGas_Combustion Turbine (F-Frame)_Moderate,0,100.0,0.0,9.72,25124,7.44,0.3,0.0,0.0,0.0,0.0,0.0,0.0,3.5,middle_atlantic_naturalgas,0.0,Moderate,Combustion Turbine (F-Frame),2040.5,1132096.797,127943,-1.0,1.123,20.0,53060.0,2525.311,125418.0,3.78,3.78,1,1,0.0,0.0,Naturalgas,False,0.06,0.04,Naturalgas,1
PA2_nuclear_nuclear__large_conservative_0,18,1,1,0.0,PA2,Nuclear_Nuclear - Large_Conservative,0,1000.0,0.0,10.5,218662,3.64,0.5,0.0,0.0,0.0,0.0,0.0,0.0,0.0,middle_atlantic_uranium,419.0,Conservative,Nuclear - Large,2040.5,6984617.055,497438,-1.0,1.107,50.0,132650.0,6313.278,491125.0,0.25,0.25,24,24,0.041666667,0.083333333,Uranium,True,0.06,0.04,Nuclear,1
PA3_naturalgas_1on1_combined_cycle_hframe_moderate_0,19,1,1,0.0,PA3,NaturalGas_1-on-1 Combined Cycle (H-Frame)_Moderate,0,500.0,0.0,6.02,37193,2.43,0.3,0.0,0.0,0.0,0.0,0.0,0.0,2.0,middle_atlantic_naturalgas,0.0,Moderate,1-on-1 Combined Cycle (H-Frame),2040.5,1533311.52,182932,-1.0,1.192,20.0,54240.0,2581.471,180351.0,0.64,0.64,6,6,0.0,0.0,Naturalgas,False,0.06,0.04,Naturalgas,1
PA3_naturalgas_combustion_turbine_fframe_moderate_0,19,1,1,0.0,PA3,NaturalGas_Combustion Turbine (F-Frame)_Moderate,0,100.0,0.0,9.72,25124,7.44,0.3,0.0,0.0,0.0,0.0,0.0,0.0,3.5,middle_atlantic_naturalgas,0.0,Moderate,Combustion Turbine (F-Frame),2040.5,1132096.797,127999,-1.0,1.123,20.0,54240.0,2581.471,125418.0,3.78,3.78,1,1,0.0,0.0,Naturalgas,False,0.06,0.04,Naturalgas,1
PA3_nuclear_nuclear__large_conservative_0,19,1,1,0.0,PA3,Nuclear_Nuclear - Large_Conservative,0,1000.0,0.0,10.5,218662,3.64,0.5,0.0,0.0,0.0,0.0,0.0,0.0,0.0,middle_atlantic_uranium,419.0,Conservative,Nuclear - Large,2040.5,6984617.055,497578,-1.0,1.107,50.0,135600.0,6453.679,491125.0,0.25,0.25,24,24,0.041666667,0.083333333,Uranium,True,0.06,0.04,Nuclear,1
PA4_naturalgas_1on1_combined_cycle_hframe_moderate_0,20,1,1,0.0,PA4,NaturalGas_1-on-1 Combined Cycle (H-Frame)_Moderate,0,500.0,0.0,6.02,37193,2.43,0.3,0.0,0.0,0.0,0.0,0.0,0.0,2.0,middle_atlantic_naturalgas,0.0,Moderate,1-on-1 Combined Cycle (H-Frame),2040.5,1533311.52,183043,-1.0,1.192,20.0,56580.0,2692.84,180351.0,0.64,0.64,6,6,0.0,0.0,Naturalgas,False,0.06,0.04,Naturalgas,1
PA4_naturalgas_combustion_turbine_fframe_moderate_0,20,1,1,0.0,PA4,NaturalGas_Combustion Turbine (F-Frame)_Moderate,0,100.0,0.0,9.72,25124,7.44,0.3,0.0,0.0,0.0,0.0,0.0,0.0,3.5,middle_atlantic_naturalgas,0.0,Moderate,Combustion Turbine (F-Frame),2040.5,1132096.797,128110,-1.0,1.123,20.0,56580.0,2692.84,125418.0,3.78,3.78,1,1,0.0,0.0,Naturalgas,False,0.06,0.04,Naturalgas,1
PA4_nuclear_nuclear__large_conservative_0,20,1,1,0.0,PA4,Nuclear_Nuclear - Large_Conservative,0,1000.0,0.0,10.5,218662,3.64,0.5,0.0,0.0,0.0,0.0,0.0,0.0,0.0,middle_atlantic_uranium,419.0,Conservative,Nuclear - Large,2040.5,6984617.055,497857,-1.0,1.107,50.0,141450.0,6732.101,491125.0,0.25,0.25,24,24,0.041666667,0.083333333,Uranium,True,0.06,0.04,Nuclear,1
SERC_naturalgas_1on1_combined_cycle_hframe_moderate_0,21,1,1,0.0,SERC,NaturalGas_1-on-1 Combined Cycle (H-Frame)_Moderate,0,500.0,0.0,6.02,37193,2.43,0.3,0.0,0.0,0.0,0.0,0.0,0.0,2.0,south_atlantic_naturalgas,0.0,Moderate,1-on-1 Combined Cycle (H-Frame),2040.5,1533311.52,139871,-1.0,0.911,20.0,42680.0,2031.291,137840.0,0.64,0.64,6,6,0.0,0.0,Naturalgas,False,0.06,0.04,Naturalgas,1
SERC_naturalgas_combustion_turbine_fframe_moderate_0,21,1,1,0.0,SERC,NaturalGas_Combustion Turbine (F-Frame)_Moderate,0,100.0,0.0,9.72,25124,7.44,0.3,0.0,0.0,0.0,0.0,0.0,0.0,3.5,south_atlantic_naturalgas,0.0,Moderate,Combustion Turbine (F-Frame),2040.5,1132096.797,104159,-1.0,0.914,20.0,42680.0,2031.291,102128.0,3.78,3.78,1,1,0.0,0.0,Naturalgas,False,0.06,0.04,Naturalgas,1
SERC_nuclear_nuclear__large_conservative_0,21,1,1,0.0,SERC,Nuclear_Nuclear - Large_Conservative,0,1000.0,0.0,10.5,218662,3.64,0.5,0.0,0.0,0.0,0.0,0.0,0.0,0.0,south_atlantic_uranium,419.0,Conservative,Nuclear - Large,2040.5,6984617.055,452583,-1.0,1.009,50.0,106700.0,5078.227,447505.0,0.25,0.25,24,24,0.041666667,0.083333333,Uranium,True,0.06,0.04,Nuclear,1
VA1_naturalgas_1on1_combined_cycle_hframe_moderate_0,22,1,1,0.0,VA1,NaturalGas_1-on-1 Combined Cycle (H-Frame)_Moderate,0,500.0,0.0,6.02,37193,2.43,0.3,0.0,0.0,0.0,0.0,0.0,0.0,2.0,south_atlantic_naturalgas,0.0,Moderate,1-on-1 Combined Cycle (H-Frame),2040.5,1533311.52,149917,-1.0,0.976,20.0,47120.0,2242.606,147675.0,0.64,0.64,6,6,0.0,0.0,Naturalgas,False,0.06,0.04,Naturalgas,1
VA1_naturalgas_combustion_turbine_fframe_moderate_0,22,1,1,0.0,VA1,NaturalGas_Combustion Turbine (F-Frame)_Moderate,0,100.0,0.0,9.72,25124,7.44,0.3,0.0,0.0,0.0,0.0,0.0,0.0,3.5,south_atlantic_naturalgas,0.0,Moderate,Combustion Turbine (F-Frame),2040.5,1132096.797,109248,-1.0,0.958,20.0,47120.0,2242.606,107006.0,3.78,3.78,1,1,0.0,0.0,Naturalgas,False,0.06,0.04,Naturalgas,1
VA1_nuclear_nuclear__large_conservative_0,22,1,1,0.0,VA1,Nuclear_Nuclear - Large_Conservative,0,1000.0,0.0,10.5,218662,3.64,0.5,0.0,0.0,0.0,0.0,0.0,0.0,0.0,south_atlantic_uranium,419.0,Conservative,Nuclear - Large,2040.5,6984617.055,439695,-1.0,0.978,50.0,117800.0,5606.514,434089.0,0.25,0.25,24,24,0.041666667,0.083333333,Uranium,True,0.06,0.04,Nuclear,1
VA2_naturalgas_1on1_combined_cycle_hframe_moderate_0,23,1,1,0.0,VA2,NaturalGas_1-on-1 Combined Cycle (H-Frame)_Moderate,0,500.0,0.0,6.02,37193,2.43,0.3,0.0,0.0,0.0,0.0,0.0,0.0,2.0,south_atlantic_naturalgas,0.0,Moderate,1-on-1 Combined Cycle (H-Frame),2040.5,1533311.52,168943,-1.0,1.102,20.0,46940.0,2234.039,166709.0,0.64,0.64,6,6,0.0,0.0,Naturalgas,False,0.06,0.04,Naturalgas,1
VA2_naturalgas_combustion_turbine_fframe_moderate_0,23,1,1,0.0,VA2,NaturalGas_Combustion Turbine (F-Frame)_Moderate,0,100.0,0.0,9.72,25124,7.44,0.3,0.0,0.0,0.0,0.0,0.0,0.0,3.5,south_atlantic_naturalgas,0.0,Moderate,Combustion Turbine (F-Frame),2040.5,1132096.797,116007,-1.0,1.018,20.0,46940.0,2234.039,113773.0,3.78,3.78,1,1,0.0,0.0,Naturalgas,False,0.06,0.04,Naturalgas,1
VA2_nuclear_nuclear__large_conservative_0,23,1,1,0.0,VA2,Nuclear_Nuclear - Large_Conservative,0,1000.0,0.0,10.5,218662,3.64,0.5,0.0,0.0,0.0,0.0,0.0,0.0,0.0,south_atlantic_uranium,419.0,Conservative,Nuclear - Large,2040.5,6984617.055,457375,-1.0,1.018,50.0,117350.0,5585.097,451790.0,0.25,0.25,24,24,0.041666667,0.083333333,Uranium,True,0.06,0.04,Nuclear,1
VA3_naturalgas_1on1_combined_cycle_hframe_moderate_0,24,1,1,0.0,VA3,NaturalGas_1-on-1 Combined Cycle (H-Frame)_Moderate,0,500.0,0.0,6.02,37193,2.43,0.3,0.0,0.0,0.0,0.0,0.0,0.0,2.0,south_atlantic_naturalgas,0.0,Moderate,1-on-1 Combined Cycle (H-Frame),2040.5,1533311.52,169271,-1.0,1.102,20.0,53840.0,2562.434,166709.0,0.64,0.64,6,6,0.0,0.0,Naturalgas,False,0.06,0.04,Naturalgas,1
VA3_naturalgas_combustion_turbine_fframe_moderate_0,24,1,1,0.0,VA3,NaturalGas_Combustion Turbine (F-Frame)_Moderate,0,100.0,0.0,9.72,25124,7.44,0.3,0.0,0.0,0.0,0.0,0.0,0.0,3.5,south_atlantic_naturalgas,0.0,Moderate,Combustion Turbine (F-Frame),2040.5,1132096.797,116335,-1.0,1.018,20.0,53840.0,2562.434,113773.0,3.78,3.78,1,1,0.0,0.0,Naturalgas,False,0.06,0.04,Naturalgas,1
VA3_nuclear_nuclear__large_conservative_0,24,1,1,0.0,VA3,Nuclear_Nuclear - Large_Conservative,0,1000.0,0.0,10.5,218662,3.64,0.5,0.0,0.0,0.0,0.0,0.0,0.0,0.0,south_atlantic_uranium,419.0,Conservative,Nuclear - Large,2040.5,6984617.055,458196,-1.0,1.018,50.0,134600.0,6406.085,451790.0,0.25,0.25,24,24,0.041666667,0.083333333,Uranium,True,0.06,0.04,Nuclear,1
VA4_naturalgas_1on1_combined_cycle_hframe_moderate_0,25,1,1,0.0,VA4,NaturalGas_1-on-1 Combined Cycle (H-Frame)_Moderate,0,500.0,0.0,6.02,37193,2.43,0.3,0.0,0.0,0.0,0.0,0.0,0.0,2.0,south_atlantic_naturalgas,0.0,Moderate,1-on-1 Combined Cycle (H-Frame),2040.5,1533311.52,169267,-1.0,1.102,20.0,53760.0,2558.627,166709.0,0.64,0.64,6,6,0.0,0.0,Naturalgas,False,0.06,0.04,Naturalgas,1
VA4_naturalgas_combustion_turbine_fframe_moderate_0,25,1,1,0.0,VA4,NaturalGas_Combustion Turbine (F-Frame)_Moderate,0,100.0,0.0,9.72,25124,7.44,0.3,0.0,0.0,0.0,0.0,0.0,0.0,3.5,south_atlantic_naturalgas,0.0,Moderate,Combustion Turbine (F-Frame),2040.5,1132096.797,116331,-1.0,1.018,20.0,53760.0,2558.627,113773.0,3.78,3.78,1,1,0.0,0.0,Naturalgas,False,0.06,0.04,Naturalgas,1
VA4_nuclear_nuclear__large_conservative_0,25,1,1,0.0,VA4,Nuclear_Nuclear - Large_Conservative,0,1000.0,0.0,10.5,218662,3.64,0.5,0.0,0.0,0.0,0.0,0.0,0.0,0.0,south_atlantic_uranium,419.0,Conservative,Nuclear - Large,2040.5,6984617.055,458186,-1.0,1.018,50.0,134400.0,6396.566,451790.0,0.25,0.25,24,24,0.041666667,0.083333333,Uranium,True,0.06,0.04,Nuclear,1
WV1_naturalgas_1on1_combined_cycle_hframe_moderate_0,26,1,1,0.0,WV1,NaturalGas_1-on-1 Combined Cycle (H-Frame)_Moderate,0,500.0,0.0,6.02,37193,2.43,0.3,0.0,0.0,0.0,0.0,0.0,0.0,2.0,south_atlantic_naturalgas,0.0,Moderate,1-on-1 Combined Cycle (H-Frame),2040.5,1533311.52,150048,-1.0,0.976,20.0,49860.0,2373.012,147675.0,0.64,0.64,6,6,0.0,0.0,Naturalgas,False,0.06,0.04,Naturalgas,1
WV1_naturalgas_combustion_turbine_fframe_moderate_0,26,1,1,0.0,WV1,NaturalGas_Combustion Turbine (F-Frame)_Moderate,0,100.0,0.0,9.72,25124,7.44,0.3,0.0,0.0,0.0,0.0,0.0,0.0,3.5,south_atlantic_naturalgas,0.0,Moderate,Combustion Turbine (F-Frame),2040.5,1132096.797,109379,-1.0,0.958,20.0,49860.0,2373.012,107006.0,3.78,3.78,1,1,0.0,0.0,Naturalgas,False,0.06,0.04,Naturalgas,1
WV1_nuclear_nuclear__large_conservative_0,26,1,1,0.0,WV1,Nuclear_Nuclear - Large_Conservative,0,1000.0,0.0,10.5,218662,3.64,0.5,0.0,0.0,0.0,0.0,0.0,0.0,0.0,south_atlantic_uranium,419.0,Conservative,Nuclear - Large,2040.5,6984617.055,440021,-1.0,0.978,50.0,124650.0,5932.53,434089.0,0.25,0.25,24,24,0.041666667,0.083333333,Uranium,True,0.06,0.04,Nuclear,1
WV2_naturalgas_1on1_combined_cycle_hframe_moderate_0,27,1,1,0.0,WV2,NaturalGas_1-on-1 Combined Cycle (H-Frame)_Moderate,0,500.0,0.0,6.02,37193,2.43,0.3,0.0,0.0,0.0,0.0,0.0,0.0,2.0,south_atlantic_naturalgas,0.0,Moderate,1-on-1 Combined Cycle (H-Frame),2040.5,1533311.52,150075,-1.0,0.976,20.0,50440.0,2400.616,147675.0,0.64,0.64,6,6,0.0,0.0,Naturalgas,False,0.06,0.04,Naturalgas,1
WV2_naturalgas_combustion_turbine_fframe_moderate_0,27,1,1,0.0,WV2,NaturalGas_Combustion Turbine (F-Frame)_Moderate,0,100.0,0.0,9.72,25124,7.44,0.3,0.0,0.0,0.0,0.0,0.0,0.0,3.5,south_atlantic_naturalgas,0.0,Moderate,Combustion Turbine (F-Frame),2040.5,1132096.797,109406,-1.0,0.958,20.0,50440.0,2400.616,107006.0,3.78,3.78,1,1,0.0,0.0,Naturalgas,False,0.06,0.04,Naturalgas,1
WV2_nuclear_nuclear__large_conservative_0,27,1,1,0.0,WV2,Nuclear_Nuclear - Large_Conservative,0,1000.0,0.0,10.5,218662,3.64,0.5,0.0,0.0,0.0,0.0,0.0,0.0,0.0,south_atlantic_uranium,419.0,Conservative,Nuclear - Large,2040.5,6984617.055,440090,-1.0,0.978,50.0,126100.0,6001.54,434089.0,0.25,0.25,24,24,0.041666667,0.083333333,Uranium,True,0.06,0.04,Nuclear,1
