Resource,Zone,New_Build,Can_Retire,Existing_Cap_MW,region,technology,cluster,Cap_Size,minimum_load_mw,Heat_Rate_MMBTU_per_MWh,Fixed_OM_Cost_per_MWyr,num_units,heat_rate_mmbtu_mwh_std,capacity_factor,unmodified_cap_size,Num_VRE_Bins,cost_case,tech_detail,basis_year,capex_mw,Inv_Cost_per_MWyr,Max_Cap_MW,regional_cost_multiplier,area,lcoe,interconnect_annuity,interconnect_capex_mw,m_popden,plant_inv_cost_mwyr,variable_CF,gen_energy_source,gen_forced_outage_rate,gen_type
DE1_solar_photovoltaic_1,1,0,1,200.8,DE1,Solar Photovoltaic,1,15.45,0.0,8.84,0,13.0,0.001,0.169,15.446,1,0,0,0.0,0.0,0,0.0,0.0,0.0,0.0,0.0,0.0,0.0,0.0,0.2081536847108487,Solar,0.0,Solar
IL1_onshore_wind_turbine_1,2,0,1,1977.0,IL1,Onshore Wind Turbine,1,133.94,19.683,8.84,0,18.0,0.0,0.237,133.939,1,0,0,0.0,0.0,0,0.0,0.0,0.0,0.0,0.0,0.0,0.0,0.0,0.4078875636293955,Wind,0.0,Wind
IL1_solar_photovoltaic_1,2,0,1,870.4,IL1,Solar Photovoltaic,1,10.49,0.001,8.84,0,83.0,0.001,0.15,10.487,1,0,0,0.0,0.0,0,0.0,0.0,0.0,0.0,0.0,0.0,0.0,0.0,0.2428072660930557,Solar,0.0,Solar
ISONE_offshore_wind_turbine_1,3,0,1,829.3,ISONE,Offshore Wind Turbine,1,414.65,0.05,8.84,0,2.0,0.0,0.357,414.65,1,0,0,0.0,0.0,0,0.0,0.0,0.0,0.0,0.0,0.0,0.0,0.0,0.0,Wind,0.05,Wind
ISONE_onshore_wind_turbine_1,3,0,1,1235.0,ISONE,Onshore Wind Turbine,1,21.21,0.759,8.84,0,71.0,0.032,0.271,21.211,1,0,0,0.0,0.0,0,0.0,0.0,0.0,0.0,0.0,0.0,0.0,0.0,0.4166440139354931,Wind,0.0,Wind
ISONE_solar_photovoltaic_1,3,0,1,2449.1,ISONE,Solar Photovoltaic,1,3.53,0.01,8.85,0,693.0,0.022,0.147,3.534,1,0,0,0.0,0.0,0,0.0,0.0,0.0,0.0,0.0,0.0,0.0,0.0,0.2344416311588765,Solar,0.0,Solar
KY3_solar_photovoltaic_1,4,0,1,179.1,KY3,Solar Photovoltaic,1,17.91,0.67,8.84,0,10.0,0.0,4.74,17.91,1,0,0,0.0,0.0,0,0.0,0.0,0.0,0.0,0.0,0.0,0.0,0.0,0.2510500358128369,Solar,0.0,Solar
MD1_onshore_wind_turbine_1,6,0,1,156.0,MD1,Onshore Wind Turbine,1,38.0,0.28,8.84,0,5.0,0.0,0.323,38.0,1,0,0,0.0,0.0,0,0.0,0.0,0.0,0.0,0.0,0.0,0.0,0.0,0.4650407165173206,Wind,0.0,Wind
MD1_solar_photovoltaic_1,6,0,1,92.5,MD1,Solar Photovoltaic,1,5.14,0.0,8.84,0,18.0,0.0,0.172,5.139,1,0,0,0.0,0.0,0,0.0,0.0,0.0,0.0,0.0,0.0,0.0,0.0,0.2325831257725002,Solar,0.0,Solar
MD2_solar_photovoltaic_1,7,0,1,410.9,MD2,Solar Photovoltaic,1,4.03,0.0,8.84,0,102.0,0.001,0.18,4.028,1,0,0,0.0,0.0,0,0.0,0.0,0.0,0.0,0.0,0.0,0.0,0.0,0.2144708342231489,Solar,0.0,Solar
MI_onshore_wind_turbine_1,8,0,1,2825.0,MI,Onshore Wind Turbine,1,93.13,1.924,8.84,0,37.0,0.0,0.316,93.127,1,0,0,0.0,0.0,0,0.0,0.0,0.0,0.0,0.0,0.0,0.0,0.0,0.4048652795425255,Wind,0.0,Wind
MI_solar_photovoltaic_1,8,0,1,724.0,MI,Solar Photovoltaic,1,16.84,0.0,8.84,0,43.0,0.001,0.138,16.837,1,0,0,0.0,0.0,0,0.0,0.0,0.0,0.0,0.0,0.0,0.0,0.0,0.2382946635186735,Solar,0.0,Solar
MISC_onshore_wind_turbine_1,9,0,1,18474.0,MISC,Onshore Wind Turbine,1,98.81,4.658,8.84,0,228.0,0.001,0.321,98.814,1,0,0,0.0,0.0,0,0.0,0.0,0.0,0.0,0.0,0.0,0.0,0.0,0.4343280992777134,Wind,0.0,Wind
MISC_solar_photovoltaic_1,9,0,1,4329.2,MISC,Solar Photovoltaic,1,18.9,0.018,8.84,0,229.0,0.001,2.766,18.905,1,0,0,0.0,0.0,0,0.0,0.0,0.0,0.0,0.0,0.0,0.0,0.0,0.236037631706168,Solar,0.0,Solar
NJ1_onshore_wind_turbine_1,10,0,1,6.0,NJ1,Onshore Wind Turbine,1,7.5,0.0,8.84,0,1.0,0.0,0.314,7.5,1,0,0,0.0,0.0,0,0.0,0.0,0.0,0.0,0.0,0.0,0.0,0.0,0.4082812622309197,Wind,0.0,Wind
NJ1_solar_photovoltaic_1,10,0,1,919.3,NJ1,Solar Photovoltaic,1,3.59,0.03,8.84,0,256.0,0.001,0.193,3.591,1,0,0,0.0,0.0,0,0.0,0.0,0.0,0.0,0.0,0.0,0.0,0.0,0.2156015027938773,Solar,0.0,Solar
NY1_onshore_wind_turbine_1,11,0,1,2336.0,NY1,Onshore Wind Turbine,1,81.39,1.069,8.84,0,35.0,0.0,0.249,81.386,1,0,0,0.0,0.0,0,0.0,0.0,0.0,0.0,0.0,0.0,0.0,0.0,0.4282651088676558,Wind,0.0,Wind
NY1_solar_photovoltaic_1,11,0,1,3186.8,NY1,Solar Photovoltaic,1,9.1,0.165,8.84,0,350.0,0.003,0.12,9.105,1,0,0,0.0,0.0,0,0.0,0.0,0.0,0.0,0.0,0.0,0.0,0.0,0.2153036417855341,Solar,0.0,Solar
NY2_offshore_wind_turbine_1,12,0,1,130.0,NY2,Offshore Wind Turbine,1,130.0,0.0,8.84,0,1.0,0.0,0.0,130.0,1,0,0,0.0,0.0,0,0.0,0.0,0.0,0.0,0.0,0.0,0.0,0.0,0.0,Wind,0.05,Wind
NY2_solar_photovoltaic_1,12,0,1,151.2,NY2,Solar Photovoltaic,1,6.05,0.0,8.84,0,25.0,0.0,0.17,6.048,1,0,0,0.0,0.0,0,0.0,0.0,0.0,0.0,0.0,0.0,0.0,0.0,0.2206374655400604,Solar,0.0,Solar
OH1_onshore_wind_turbine_1,13,0,1,7.0,OH1,Onshore Wind Turbine,1,1.64,1.46,8.84,0,5.0,0.001,0.164,1.64,1,0,0,0.0,0.0,0,0.0,0.0,0.0,0.0,0.0,0.0,0.0,0.0,0.3828860772968447,Wind,0.0,Wind
OH1_solar_photovoltaic_1,13,0,1,143.7,OH1,Solar Photovoltaic,1,14.37,0.0,8.84,0,10.0,0.001,0.199,14.37,1,0,0,0.0,0.0,0,0.0,0.0,0.0,0.0,0.0,0.0,0.0,0.0,0.2481177032645931,Solar,0.0,Solar
OH2_onshore_wind_turbine_1,14,0,1,861.0,OH2,Onshore Wind Turbine,1,95.51,5.009,8.84,0,11.0,0.0,0.27,95.509,1,0,0,0.0,0.0,0,0.0,0.0,0.0,0.0,0.0,0.0,0.0,0.0,0.3948977613523699,Wind,0.0,Wind
OH2_solar_photovoltaic_1,14,0,1,2129.7,OH2,Solar Photovoltaic,1,70.99,0.0,8.84,0,30.0,0.001,0.567,70.99,1,0,0,0.0,0.0,0,0.0,0.0,0.0,0.0,0.0,0.0,0.0,0.0,0.2380319319215003,Solar,0.0,Solar
OH3_solar_photovoltaic_1,15,0,1,369.8,OH3,Solar Photovoltaic,1,52.83,0.0,8.84,0,7.0,0.0,0.219,52.829,1,0,0,0.0,0.0,0,0.0,0.0,0.0,0.0,0.0,0.0,0.0,0.0,0.2376050063072079,Solar,0.0,Solar
OH4_solar_photovoltaic_1,16,0,1,280.0,OH4,Solar Photovoltaic,1,140.0,0.0,8.84,0,2.0,0.0,0.104,140.0,1,0,0,0.0,0.0,0,0.0,0.0,0.0,0.0,0.0,0.0,0.0,0.0,0.2481924762370702,Solar,0.0,Solar
PA1_onshore_wind_turbine_1,17,0,1,54.0,PA1,Onshore Wind Turbine,1,32.7,0.4,8.84,0,2.0,0.0,0.232,32.7,1,0,0,0.0,0.0,0,0.0,0.0,0.0,0.0,0.0,0.0,0.0,0.0,0.476364611423305,Wind,0.0,Wind
PA1_solar_photovoltaic_1,17,0,1,55.6,PA1,Solar Photovoltaic,1,9.27,0.0,8.84,0,6.0,0.001,0.095,9.267,1,0,0,0.0,0.0,0,0.0,0.0,0.0,0.0,0.0,0.0,0.0,0.0,0.239775102515197,Solar,0.0,Solar
PA2_onshore_wind_turbine_1,18,0,1,146.0,PA2,Onshore Wind Turbine,1,88.8,45.0,8.84,0,2.0,0.0,0.228,88.8,1,0,0,0.0,0.0,0,0.0,0.0,0.0,0.0,0.0,0.0,0.0,0.0,0.4112842184772835,Wind,0.0,Wind
PA2_solar_photovoltaic_1,18,0,1,1.5,PA2,Solar Photovoltaic,1,1.5,0.0,8.84,0,1.0,0.0,0.118,1.5,1,0,0,0.0,0.0,0,0.0,0.0,0.0,0.0,0.0,0.0,0.0,0.0,0.2354891878669276,Solar,0.0,Solar
PA3_solar_photovoltaic_1,19,0,1,88.5,PA3,Solar Photovoltaic,1,17.7,0.0,8.84,0,5.0,0.0,0.125,17.7,1,0,0,0.0,0.0,0,0.0,0.0,0.0,0.0,0.0,0.0,0.0,0.0,0.2280257322888911,Solar,0.0,Solar
PA4_onshore_wind_turbine_1,20,0,1,1070.0,PA4,Onshore Wind Turbine,1,56.72,2.265,8.84,0,23.0,0.0,0.284,56.722,1,0,0,0.0,0.0,0,0.0,0.0,0.0,0.0,0.0,0.0,0.0,0.0,0.4764669386892776,Wind,0.0,Wind
PA4_solar_photovoltaic_1,20,0,1,338.4,PA4,Solar Photovoltaic,1,9.95,0.003,8.84,0,34.0,0.0,0.148,9.953,1,0,0,0.0,0.0,0,0.0,0.0,0.0,0.0,0.0,0.0,0.0,0.0,0.2129845152837976,Solar,0.0,Solar
SERC_onshore_wind_turbine_1,21,0,1,172.0,SERC,Onshore Wind Turbine,1,52.52,0.0,8.84,0,4.0,0.0,0.23,52.525,1,0,0,0.0,0.0,0,0.0,0.0,0.0,0.0,0.0,0.0,0.0,0.0,0.3790847093669011,Wind,0.0,Wind
SERC_solar_photovoltaic_1,21,0,1,13385.7,SERC,Solar Photovoltaic,1,13.15,0.063,8.84,0,1018.0,0.009,0.18,13.149,1,0,0,0.0,0.0,0,0.0,0.0,0.0,0.0,0.0,0.0,0.0,0.0,0.2379117495564785,Solar,0.0,Solar
VA1_solar_photovoltaic_1,22,0,1,468.0,VA1,Solar Photovoltaic,1,78.0,0.0,8.84,0,6.0,0.0,0.11,78.0,1,0,0,0.0,0.0,0,0.0,0.0,0.0,0.0,0.0,0.0,0.0,0.0,0.2311799958257778,Solar,0.0,Solar
VA2_offshore_wind_turbine_1,23,0,1,12.0,VA2,Offshore Wind Turbine,1,12.0,0.0,8.84,0,1.0,0.0,0.472,12.0,1,0,0,0.0,0.0,0,0.0,0.0,0.0,0.0,0.0,0.0,0.0,0.0,0.0,Wind,0.05,Wind
VA2_solar_photovoltaic_1,23,0,1,3311.9,VA2,Solar Photovoltaic,1,42.46,0.864,8.84,0,78.0,0.0,0.169,42.46,1,0,0,0.0,0.0,0,0.0,0.0,0.0,0.0,0.0,0.0,0.0,0.0,0.2325504308303409,Solar,0.0,Solar
VA3_solar_photovoltaic_1,24,0,1,42.5,VA3,Solar Photovoltaic,1,14.17,0.0,8.84,0,3.0,0.0,0.181,14.167,1,0,0,0.0,0.0,0,0.0,0.0,0.0,0.0,0.0,0.0,0.0,0.0,0.2428709621656881,Solar,0.0,Solar
VA4_solar_photovoltaic_1,25,0,1,104.3,VA4,Solar Photovoltaic,1,17.38,0.0,8.84,0,6.0,0.0,0.184,17.383,1,0,0,0.0,0.0,0,0.0,0.0,0.0,0.0,0.0,0.0,0.0,0.0,0.2069247269248786,Solar,0.0,Solar
WV1_onshore_wind_turbine_1,26,0,1,702.0,WV1,Onshore Wind Turbine,1,95.11,2.667,8.84,0,9.0,0.0,0.225,95.111,1,0,0,0.0,0.0,0,0.0,0.0,0.0,0.0,0.0,0.0,0.0,0.0,0.4489083053470075,Wind,0.0,Wind
WV1_solar_photovoltaic_1,26,0,1,50.0,WV1,Solar Photovoltaic,1,50.0,0.0,8.84,0,1.0,0.0,0.0,50.0,1,0,0,0.0,0.0,0,0.0,0.0,0.0,0.0,0.0,0.0,0.0,0.0,0.0,Solar,0.0,Solar
DE1_distributed_generation_1,1,0,0,186.0,DE1,distributed_generation,1,0.0,0.0,0.0,0,0.0,0.0,0.0,0.0,1,0,0,0.0,0.0,0,0.0,0.0,0.0,0.0,0.0,0.0,0.0,0.0,0.2028096542726679,Solar,0.0,Solar
IL1_distributed_generation_1,2,0,0,383.0,IL1,distributed_generation,1,0.0,0.0,0.0,0,0.0,0.0,0.0,0.0,1,0,0,0.0,0.0,0,0.0,0.0,0.0,0.0,0.0,0.0,0.0,0.0,0.214395205479452,Solar,0.0,Solar
ISONE_distributed_generation_1,3,0,0,6665.0,ISONE,distributed_generation,1,0.0,0.0,0.0,0,0.0,0.0,0.0,0.0,1,0,0,0.0,0.0,0,0.0,0.0,0.0,0.0,0.0,0.0,0.0,0.0,0.2044485159817351,Solar,0.0,Solar
KY3_distributed_generation_1,4,0,0,21.0,KY3,distributed_generation,1,0.0,0.0,0.0,0,0.0,0.0,0.0,0.0,1,0,0,0.0,0.0,0,0.0,0.0,0.0,0.0,0.0,0.0,0.0,0.0,0.2009289954337899,Solar,0.0,Solar
KY4_distributed_generation_1,5,0,0,4.0,KY4,distributed_generation,1,0.0,0.0,0.0,0,0.0,0.0,0.0,0.0,1,0,0,0.0,0.0,0,0.0,0.0,0.0,0.0,0.0,0.0,0.0,0.0,0.1947751304631441,Solar,0.0,Solar
MD1_distributed_generation_1,6,0,0,142.0,MD1,distributed_generation,1,0.0,0.0,0.0,0,0.0,0.0,0.0,0.0,1,0,0,0.0,0.0,0,0.0,0.0,0.0,0.0,0.0,0.0,0.0,0.0,0.2010639595564253,Solar,0.0,Solar
MD2_distributed_generation_1,7,0,0,1341.0,MD2,distributed_generation,1,0.0,0.0,0.0,0,0.0,0.0,0.0,0.0,1,0,0,0.0,0.0,0,0.0,0.0,0.0,0.0,0.0,0.0,0.0,0.0,0.2052759132420091,Solar,0.0,Solar
MI_distributed_generation_1,8,0,0,141.0,MI,distributed_generation,1,0.0,0.0,0.0,0,0.0,0.0,0.0,0.0,1,0,0,0.0,0.0,0,0.0,0.0,0.0,0.0,0.0,0.0,0.0,0.0,0.215779876060013,Solar,0.0,Solar
MISC_distributed_generation_1,9,0,0,1000.0,MISC,distributed_generation,1,0.0,0.0,0.0,0,0.0,0.0,0.0,0.0,1,0,0,0.0,0.0,0,0.0,0.0,0.0,0.0,0.0,0.0,0.0,0.0,0.2166342302674494,Solar,0.0,Solar
NJ1_distributed_generation_1,10,0,0,3250.0,NJ1,distributed_generation,1,0.0,0.0,0.0,0,0.0,0.0,0.0,0.0,1,0,0,0.0,0.0,0,0.0,0.0,0.0,0.0,0.0,0.0,0.0,0.0,0.2013327951728636,Solar,0.0,Solar
NY1_distributed_generation_1,11,0,0,1872.0,NY1,distributed_generation,1,0.0,0.0,0.0,0,0.0,0.0,0.0,0.0,1,0,0,0.0,0.0,0,0.0,0.0,0.0,0.0,0.0,0.0,0.0,0.0,0.2155444716242661,Solar,0.0,Solar
NY2_distributed_generation_1,12,0,0,1057.0,NY2,distributed_generation,1,0.0,0.0,0.0,0,0.0,0.0,0.0,0.0,1,0,0,0.0,0.0,0,0.0,0.0,0.0,0.0,0.0,0.0,0.0,0.0,0.1912361872146118,Solar,0.0,Solar
OH1_distributed_generation_1,13,0,0,368.0,OH1,distributed_generation,1,0.0,0.0,0.0,0,0.0,0.0,0.0,0.0,1,0,0,0.0,0.0,0,0.0,0.0,0.0,0.0,0.0,0.0,0.0,0.0,0.2054725538160469,Solar,0.0,Solar
OH2_distributed_generation_1,14,0,0,285.0,OH2,distributed_generation,1,0.0,0.0,0.0,0,0.0,0.0,0.0,0.0,1,0,0,0.0,0.0,0,0.0,0.0,0.0,0.0,0.0,0.0,0.0,0.0,0.2248567514677103,Solar,0.0,Solar
OH3_distributed_generation_1,15,0,0,98.0,OH3,distributed_generation,1,0.0,0.0,0.0,0,0.0,0.0,0.0,0.0,1,0,0,0.0,0.0,0,0.0,0.0,0.0,0.0,0.0,0.0,0.0,0.0,0.2050229615133724,Solar,0.0,Solar
OH4_distributed_generation_1,16,0,0,132.0,OH4,distributed_generation,1,0.0,0.0,0.0,0,0.0,0.0,0.0,0.0,1,0,0,0.0,0.0,0,0.0,0.0,0.0,0.0,0.0,0.0,0.0,0.0,0.2106440313111546,Solar,0.0,Solar
PA1_distributed_generation_1,17,0,0,363.0,PA1,distributed_generation,1,0.0,0.0,0.0,0,0.0,0.0,0.0,0.0,1,0,0,0.0,0.0,0,0.0,0.0,0.0,0.0,0.0,0.0,0.0,0.0,0.2014165362035225,Solar,0.0,Solar
PA2_distributed_generation_1,18,0,0,15.0,PA2,distributed_generation,1,0.0,0.0,0.0,0,0.0,0.0,0.0,0.0,1,0,0,0.0,0.0,0,0.0,0.0,0.0,0.0,0.0,0.0,0.0,0.0,0.1904511904761905,Solar,0.0,Solar
PA3_distributed_generation_1,19,0,0,15.0,PA3,distributed_generation,1,0.0,0.0,0.0,0,0.0,0.0,0.0,0.0,1,0,0,0.0,0.0,0,0.0,0.0,0.0,0.0,0.0,0.0,0.0,0.0,0.1733534735812133,Solar,0.0,Solar
PA4_distributed_generation_1,20,0,0,989.0,PA4,distributed_generation,1,0.0,0.0,0.0,0,0.0,0.0,0.0,0.0,1,0,0,0.0,0.0,0,0.0,0.0,0.0,0.0,0.0,0.0,0.0,0.0,0.2119421395955642,Solar,0.0,Solar
SERC_distributed_generation_1,21,0,0,4007.0,SERC,distributed_generation,1,0.0,0.0,0.0,0,0.0,0.0,0.0,0.0,1,0,0,0.0,0.0,0,0.0,0.0,0.0,0.0,0.0,0.0,0.0,0.0,0.2044608447488584,Solar,0.0,Solar
VA1_distributed_generation_1,22,0,0,38.0,VA1,distributed_generation,1,0.0,0.0,0.0,0,0.0,0.0,0.0,0.0,1,0,0,0.0,0.0,0,0.0,0.0,0.0,0.0,0.0,0.0,0.0,0.0,0.2018484833659491,Solar,0.0,Solar
VA2_distributed_generation_1,23,0,0,914.0,VA2,distributed_generation,1,0.0,0.0,0.0,0,0.0,0.0,0.0,0.0,1,0,0,0.0,0.0,0,0.0,0.0,0.0,0.0,0.0,0.0,0.0,0.0,0.2095448467058056,Solar,0.0,Solar
VA3_distributed_generation_1,24,0,0,46.0,VA3,distributed_generation,1,0.0,0.0,0.0,0,0.0,0.0,0.0,0.0,1,0,0,0.0,0.0,0,0.0,0.0,0.0,0.0,0.0,0.0,0.0,0.0,0.2110874266144813,Solar,0.0,Solar
VA4_distributed_generation_1,25,0,0,1.0,VA4,distributed_generation,1,0.0,0.0,0.0,0,0.0,0.0,0.0,0.0,1,0,0,0.0,0.0,0,0.0,0.0,0.0,0.0,0.0,0.0,0.0,0.0,0.181887915851272,Solar,0.0,Solar
WV1_distributed_generation_1,26,0,0,82.0,WV1,distributed_generation,1,0.0,0.0,0.0,0,0.0,0.0,0.0,0.0,1,0,0,0.0,0.0,0,0.0,0.0,0.0,0.0,0.0,0.0,0.0,0.0,0.2063985812133072,Solar,0.0,Solar
WV2_distributed_generation_1,27,0,0,16.0,WV2,distributed_generation,1,0.0,0.0,0.0,0,0.0,0.0,0.0,0.0,1,0,0,0.0,0.0,0,0.0,0.0,0.0,0.0,0.0,0.0,0.0,0.0,0.193991992824527,Solar,0.0,Solar
DE1_landbasedwind_class3_moderate_0,1,1,1,0.0,DE1,LandbasedWind_Class3_Moderate_,0,1.0,0.0,0.0,30722,0.0,0.0,0.0,0.0,1,Moderate,Class3,2033.0,1618100.11,180644,99.3,1.266,455.5,36.83,12926.859,212238.824,5.005,167718.0,0.43826624751091,Wind,0.05,Wind
DE1_landbasedwind_class3_moderate_1,1,1,1,0.0,DE1,LandbasedWind_Class3_Moderate_,1,1.0,0.0,0.0,30722,0.0,0.0,0.0,0.0,1,Moderate,Class3,2033.0,1618100.11,183757,90.8,1.266,265.0,38.253,16039.842,263349.125,3.109,167718.0,0.430258184671402,Wind,0.05,Wind
DE1_utilitypv_class1_moderate_0,1,1,1,0.0,DE1,UtilityPV_Class1_Moderate_,0,1.0,0.0,0.0,17371,0.0,0.0,0.0,0.0,1,Moderate,Class1,2033.0,972705.143,86982,8050.1,1.038,1958.775,32.104,9073.407,148971.152,8.769,77909.0,0.2200269401073455,Solar,0.0,Solar
DE1_utilitypv_class1_moderate_1,1,1,1,0.0,DE1,UtilityPV_Class1_Moderate_,1,1.0,0.0,0.0,17371,0.0,0.0,0.0,0.0,1,Moderate,Class1,2033.0,972705.143,93095,8038.8,1.038,2088.447,34.062,15186.955,249346.066,9.352,77909.0,0.2251444607973098,Solar,0.0,Solar
DE1_offshorewind_class3_conservative_fixed_1_1,1,1,1,0.0,DE1,OffShoreWind_Class3_Conservative_fixed_1,1,1.0,0.0,0.0,91512,0.0,0.0,0.0,0.0,1,Conservative,Class3,2033.0,4348288.675,431897,9500.9,1.0,0.0,80.625,78476.115,1271810.541,0.0,353421.0,0.500217080116272,Wind,0.05,Wind
DE1_offshorewind_class3_conservative_fixed_0_1,1,1,1,0.0,DE1,OffShoreWind_Class3_Conservative_fixed_0,1,1.0,0.0,0.0,91512,0.0,0.0,0.0,0.0,1,Conservative,Class3,2033.0,4348288.675,431897,9500.9,1.0,0.0,80.625,78476.115,1271810.541,0.0,353421.0,0.500217080116272,Wind,0.05,Wind
IL1_landbasedwind_class3_moderate_0,2,1,1,0.0,IL1,LandbasedWind_Class3_Moderate_,0,1.0,0.0,0.0,30722,0.0,0.0,0.0,0.0,1,Moderate,Class3,2033.0,1618100.11,179669,1169.7,1.265,2729.25,29.36,12152.116,199518.752,2.4,167517.0,0.4653814733028412,Wind,0.05,Wind
IL1_landbasedwind_class3_moderate_1,2,1,1,0.0,IL1,LandbasedWind_Class3_Moderate_,1,1.0,0.0,0.0,30722,0.0,0.0,0.0,0.0,1,Moderate,Class3,2033.0,1618100.11,178208,1150.4,1.265,3178.5,33.45,10691.943,175544.992,3.018,167517.0,0.4716841578483581,Wind,0.05,Wind
IL1_utilitypv_class1_moderate_0,2,1,1,0.0,IL1,UtilityPV_Class1_Moderate_,0,1.0,0.0,0.0,17371,0.0,0.0,0.0,0.0,1,Moderate,Class1,2033.0,972705.143,88740,52603.5,1.069,9305.702,31.094,8461.542,138925.291,5.316,80279.0,0.2264362871646881,Solar,0.0,Solar
IL1_utilitypv_class1_moderate_1,2,1,1,0.0,IL1,UtilityPV_Class1_Moderate_,1,1.0,0.0,0.0,17371,0.0,0.0,0.0,0.0,1,Moderate,Class1,2033.0,972705.143,92818,52491.2,1.069,7842.263,32.559,12539.507,205879.107,4.176,80279.0,0.2361031025648117,Solar,0.0,Solar
IL1_offshorewind_class3_conservative_fixed_1_1,2,1,1,0.0,IL1,OffShoreWind_Class3_Conservative_fixed_1,1,1.0,0.0,0.0,91512,0.0,0.0,0.0,0.0,1,Conservative,Class3,2033.0,4348288.675,541530,25024.0,1.324,0.0,90.412,73632.822,1188080.087,0.0,467898.0,0.4878839254379272,Wind,0.05,Wind
IL1_offshorewind_class3_conservative_fixed_0_1,2,1,1,0.0,IL1,OffShoreWind_Class3_Conservative_fixed_0,1,1.0,0.0,0.0,91512,0.0,0.0,0.0,0.0,1,Conservative,Class3,2033.0,4348288.675,541530,25024.0,1.324,0.0,90.412,73632.822,1188080.087,0.0,467898.0,0.4878839254379272,Wind,0.05,Wind
ISONE_landbasedwind_class3_moderate_0,3,1,1,0.0,ISONE,LandbasedWind_Class3_Moderate_,0,1.0,0.0,0.0,30722,0.0,0.0,0.0,0.0,1,Moderate,Class3,2033.0,1618100.11,213424,31649.5,1.266,33715.75,38.895,45706.111,750426.784,0.675,167718.0,0.503917396068573,Wind,0.05,Wind
ISONE_landbasedwind_class3_moderate_1,3,1,1,0.0,ISONE,LandbasedWind_Class3_Moderate_,1,1.0,0.0,0.0,30722,0.0,0.0,0.0,0.0,1,Moderate,Class3,2033.0,1618100.11,228703,31614.8,1.266,35203.0,50.141,60985.838,1001297.3,0.707,167718.0,0.4238493144512176,Wind,0.05,Wind
ISONE_utilitypv_class1_moderate_0,3,1,1,0.0,ISONE,UtilityPV_Class1_Moderate_,0,1.0,0.0,0.0,17371,0.0,0.0,0.0,0.0,1,Moderate,Class1,2033.0,972705.143,96467,244432.0,1.017,47321.301,35.884,20081.8,329711.828,6.019,76386.0,0.2431525737047195,Solar,0.0,Solar
ISONE_utilitypv_class1_moderate_1,3,1,1,0.0,ISONE,UtilityPV_Class1_Moderate_,1,1.0,0.0,0.0,17371,0.0,0.0,0.0,0.0,1,Moderate,Class1,2033.0,972705.143,115750,244259.1,1.017,33041.141,43.126,39364.534,646304.921,2.223,76386.0,0.2408180385828018,Solar,0.0,Solar
ISONE_offshorewind_class3_conservative_fixed_1_1,3,1,1,0.0,ISONE,OffShoreWind_Class3_Conservative_fixed_1,1,1.0,0.0,0.0,91512,0.0,0.0,0.0,0.0,1,Conservative,Class3,2033.0,4348288.675,447834,25020.3,1.0,0.0,74.287,94413.809,1524866.929,0.0,353421.0,0.5514326095581055,Wind,0.05,Wind
ISONE_offshorewind_class3_conservative_fixed_0_1,3,1,1,0.0,ISONE,OffShoreWind_Class3_Conservative_fixed_0,1,1.0,0.0,0.0,91512,0.0,0.0,0.0,0.0,1,Conservative,Class3,2033.0,4348288.675,447834,25020.3,1.0,0.0,74.287,94413.809,1524866.929,0.0,353421.0,0.5514326095581055,Wind,0.05,Wind
KY3_landbasedwind_class3_moderate_0,4,1,1,0.0,KY3,LandbasedWind_Class3_Moderate_,0,1.0,0.0,0.0,30722,0.0,0.0,0.0,0.0,1,Moderate,Class3,2033.0,1618100.11,136538,1552.5,0.955,7859.0,33.034,9996.883,164133.193,5.158,126542.0,0.4071424603462219,Wind,0.05,Wind
KY3_landbasedwind_class3_moderate_1,4,1,1,0.0,KY3,LandbasedWind_Class3_Moderate_,1,1.0,0.0,0.0,30722,0.0,0.0,0.0,0.0,1,Moderate,Class3,2033.0,1618100.11,139017,1509.3,0.955,6104.0,38.609,12475.036,204820.591,4.15,126542.0,0.3570348918437958,Wind,0.05,Wind
KY3_utilitypv_class1_moderate_0,4,1,1,0.0,KY3,UtilityPV_Class1_Moderate_,0,1.0,0.0,0.0,17371,0.0,0.0,0.0,0.0,1,Moderate,Class1,2033.0,972705.143,81095,58434.4,0.963,12719.897,30.326,8771.838,144019.862,7.388,72324.0,0.2503494620323181,Solar,0.0,Solar
KY3_utilitypv_class1_moderate_1,4,1,1,0.0,KY3,UtilityPV_Class1_Moderate_,1,1.0,0.0,0.0,17371,0.0,0.0,0.0,0.0,1,Moderate,Class1,2033.0,972705.143,90251,58334.6,0.963,10957.126,33.719,17927.973,294349.295,5.997,72324.0,0.2494845390319824,Solar,0.0,Solar
KY4_landbasedwind_class3_moderate_0,5,1,1,0.0,KY4,LandbasedWind_Class3_Moderate_,0,1.0,0.0,0.0,30722,0.0,0.0,0.0,0.0,1,Moderate,Class3,2033.0,1618100.11,145417,355.4,0.955,1315.5,37.82,18875.703,309909.539,4.043,126542.0,0.3794342875480652,Wind,0.05,Wind
KY4_landbasedwind_class3_moderate_1,5,1,1,0.0,KY4,LandbasedWind_Class3_Moderate_,1,1.0,0.0,0.0,30722,0.0,0.0,0.0,0.0,1,Moderate,Class3,2033.0,1618100.11,146390,350.8,0.955,1431.25,49.31,19848.14,325875.438,4.153,126542.0,0.3042139410972595,Wind,0.05,Wind
KY4_utilitypv_class1_moderate_0,5,1,1,0.0,KY4,UtilityPV_Class1_Moderate_,0,1.0,0.0,0.0,17371,0.0,0.0,0.0,0.0,1,Moderate,Class1,2033.0,972705.143,92855,13581.9,0.963,2862.506,35.057,20531.159,337089.534,7.067,72324.0,0.2402033507823944,Solar,0.0,Solar
KY4_utilitypv_class1_moderate_1,5,1,1,0.0,KY4,UtilityPV_Class1_Moderate_,1,1.0,0.0,0.0,17371,0.0,0.0,0.0,0.0,1,Moderate,Class1,2033.0,972705.143,104898,13467.2,0.963,3744.018,39.093,32574.842,534827.994,10.244,72324.0,0.2333461493253708,Solar,0.0,Solar
MD1_landbasedwind_class3_moderate_0,6,1,1,0.0,MD1,LandbasedWind_Class3_Moderate_,0,1.0,0.0,0.0,30722,0.0,0.0,0.0,0.0,1,Moderate,Class3,2033.0,1618100.11,173503,29.5,1.266,172.5,30.384,5785.577,94990.128,7.235,167718.0,0.496922492980957,Wind,0.05,Wind
MD1_landbasedwind_class3_moderate_1,6,1,1,0.0,MD1,LandbasedWind_Class3_Moderate_,1,1.0,0.0,0.0,30722,0.0,0.0,0.0,0.0,1,Moderate,Class3,2033.0,1618100.11,178761,13.0,1.266,96.0,43.108,11043.327,181314.16,8.456,167718.0,0.3403474390506744,Wind,0.05,Wind
MD1_utilitypv_class1_moderate_0,6,1,1,0.0,MD1,UtilityPV_Class1_Moderate_,0,1.0,0.0,0.0,17371,0.0,0.0,0.0,0.0,1,Moderate,Class1,2033.0,972705.143,83709,4016.1,1.038,1561.292,30.281,5800.15,95229.402,16.028,77909.0,0.221320703625679,Solar,0.0,Solar
MD1_utilitypv_class1_moderate_1,6,1,1,0.0,MD1,UtilityPV_Class1_Moderate_,1,1.0,0.0,0.0,17371,0.0,0.0,0.0,0.0,1,Moderate,Class1,2033.0,972705.143,89656,3992.3,1.038,1499.552,33.156,11747.268,192871.772,15.37,77909.0,0.22333325445652,Solar,0.0,Solar
MD2_landbasedwind_class3_moderate_0,7,1,1,0.0,MD2,LandbasedWind_Class3_Moderate_,0,1.0,0.0,0.0,30722,0.0,0.0,0.0,0.0,1,Moderate,Class3,2033.0,1618100.11,178049,10.3,1.266,76.5,44.077,10331.486,169626.843,6.99,167718.0,0.3615413904190063,Wind,0.05,Wind
MD2_utilitypv_class1_moderate_0,7,1,1,0.0,MD2,UtilityPV_Class1_Moderate_,0,1.0,0.0,0.0,17371,0.0,0.0,0.0,0.0,1,Moderate,Class1,2033.0,972705.143,85400,4966.8,1.038,2263.904,31.478,7491.091,122992.0,19.622,77909.0,0.2240261286497116,Solar,0.0,Solar
MD2_utilitypv_class1_moderate_1,7,1,1,0.0,MD2,UtilityPV_Class1_Moderate_,1,1.0,0.0,0.0,17371,0.0,0.0,0.0,0.0,1,Moderate,Class1,2033.0,972705.143,91875,4896.9,1.038,2150.287,33.877,13966.526,229308.524,18.716,77909.0,0.2248812764883041,Solar,0.0,Solar
MD2_offshorewind_class3_conservative_fixed_1_1,7,1,1,0.0,MD2,OffShoreWind_Class3_Conservative_fixed_1,1,1.0,0.0,0.0,91512,0.0,0.0,0.0,0.0,1,Conservative,Class3,2033.0,4348288.675,439389,240.0,1.0,0.0,81.498,85968.118,1386824.433,0.0,353421.0,0.508624792098999,Wind,0.05,Wind
MD2_offshorewind_class3_conservative_fixed_0_1,7,1,1,0.0,MD2,OffShoreWind_Class3_Conservative_fixed_0,1,1.0,0.0,0.0,91512,0.0,0.0,0.0,0.0,1,Conservative,Class3,2033.0,4348288.675,439389,240.0,1.0,0.0,81.498,85968.118,1386824.433,0.0,353421.0,0.508624792098999,Wind,0.05,Wind
MI_landbasedwind_class3_moderate_0,8,1,1,0.0,MI,LandbasedWind_Class3_Moderate_,0,1.0,0.0,0.0,30722,0.0,0.0,0.0,0.0,1,Moderate,Class3,2033.0,1618100.11,165348,3008.5,1.144,15145.5,31.528,13799.23,226561.788,5.263,151549.0,0.4858593940734863,Wind,0.05,Wind
MI_landbasedwind_class3_moderate_1,8,1,1,0.0,MI,LandbasedWind_Class3_Moderate_,1,1.0,0.0,0.0,30722,0.0,0.0,0.0,0.0,1,Moderate,Class3,2033.0,1618100.11,182184,2995.8,1.144,10197.75,36.942,30635.756,502992.269,3.459,151549.0,0.4594048261642456,Wind,0.05,Wind
MI_utilitypv_class1_moderate_0,8,1,1,0.0,MI,UtilityPV_Class1_Moderate_,0,1.0,0.0,0.0,17371,0.0,0.0,0.0,0.0,1,Moderate,Class1,2033.0,972705.143,87266,131980.3,1.008,34193.025,32.085,11613.46,190674.864,9.244,75653.0,0.2367896884679794,Solar,0.0,Solar
MI_utilitypv_class1_moderate_1,8,1,1,0.0,MI,UtilityPV_Class1_Moderate_,1,1.0,0.0,0.0,17371,0.0,0.0,0.0,0.0,1,Moderate,Class1,2033.0,972705.143,104272,131973.7,1.008,23092.498,38.356,28619.509,469888.978,5.282,75653.0,0.2287293821573257,Solar,0.0,Solar
MI_offshorewind_class3_conservative_fixed_1_1,8,1,1,0.0,MI,OffShoreWind_Class3_Conservative_fixed_1,1,1.0,0.0,0.0,91512,0.0,0.0,0.0,0.0,1,Conservative,Class3,2033.0,4348288.675,500722,25007.5,1.197,0.0,85.795,77538.958,1251245.993,0.0,423184.0,0.4942925274372101,Wind,0.05,Wind
MI_offshorewind_class3_conservative_fixed_0_1,8,1,1,0.0,MI,OffShoreWind_Class3_Conservative_fixed_0,1,1.0,0.0,0.0,91512,0.0,0.0,0.0,0.0,1,Conservative,Class3,2033.0,4348288.675,500722,25007.5,1.197,0.0,85.795,77538.958,1251245.993,0.0,423184.0,0.4942925274372101,Wind,0.05,Wind
MISC_landbasedwind_class3_moderate_0,9,1,1,0.0,MISC,LandbasedWind_Class3_Moderate_,0,1.0,0.0,0.0,30722,0.0,0.0,0.0,0.0,1,Moderate,Class3,2033.0,1618100.11,137126,91455.4,0.955,140299.0,26.407,10584.696,173784.156,1.512,126542.0,0.514390230178833,Wind,0.05,Wind
MISC_landbasedwind_class3_moderate_1,9,1,1,0.0,MISC,LandbasedWind_Class3_Moderate_,1,1.0,0.0,0.0,30722,0.0,0.0,0.0,0.0,1,Moderate,Class3,2033.0,1618100.11,142447,91406.7,0.955,175163.75,31.456,15905.697,261146.687,1.939,126542.0,0.4554655849933624,Wind,0.05,Wind
MISC_utilitypv_class1_moderate_0,9,1,1,0.0,MISC,UtilityPV_Class1_Moderate_,0,1.0,0.0,0.0,17371,0.0,0.0,0.0,0.0,1,Moderate,Class1,2033.0,972705.143,83036,1586201.7,0.99,215635.209,29.823,8681.59,142538.131,3.053,74355.0,0.2427902072668075,Solar,0.0,Solar
MISC_utilitypv_class1_moderate_1,9,1,1,0.0,MISC,UtilityPV_Class1_Moderate_,1,1.0,0.0,0.0,17371,0.0,0.0,0.0,0.0,1,Moderate,Class1,2033.0,972705.143,91127,1586037.9,0.99,205609.676,33.293,16772.688,275381.32,2.764,74355.0,0.2394725084304809,Solar,0.0,Solar
MISC_offshorewind_class3_conservative_fixed_1_1,9,1,1,0.0,MISC,OffShoreWind_Class3_Conservative_fixed_1,1,1.0,0.0,0.0,91512,0.0,0.0,0.0,0.0,1,Conservative,Class3,2033.0,4348288.675,432827,25024.9,1.0,0.0,83.178,79406.398,1283194.66,0.0,353421.0,0.5147083401679993,Wind,0.05,Wind
MISC_offshorewind_class3_conservative_fixed_0_1,9,1,1,0.0,MISC,OffShoreWind_Class3_Conservative_fixed_0,1,1.0,0.0,0.0,91512,0.0,0.0,0.0,0.0,1,Conservative,Class3,2033.0,4348288.675,432827,25024.9,1.0,0.0,83.178,79406.398,1283194.66,0.0,353421.0,0.5147083401679993,Wind,0.05,Wind
NJ1_landbasedwind_class3_moderate_0,10,1,1,0.0,NJ1,LandbasedWind_Class3_Moderate_,0,1.0,0.0,0.0,30722,0.0,0.0,0.0,0.0,1,Moderate,Class3,2033.0,1618100.11,193938,1375.2,1.266,3288.25,39.701,26220.347,430497.106,2.547,167718.0,0.476513922214508,Wind,0.05,Wind
NJ1_landbasedwind_class3_moderate_1,10,1,1,0.0,NJ1,LandbasedWind_Class3_Moderate_,1,1.0,0.0,0.0,30722,0.0,0.0,0.0,0.0,1,Moderate,Class3,2033.0,1618100.11,203739,1351.4,1.266,4315.75,53.758,36021.088,591409.95,3.196,167718.0,0.3882547616958618,Wind,0.05,Wind
NJ1_utilitypv_class1_moderate_0,10,1,1,0.0,NJ1,UtilityPV_Class1_Moderate_,0,1.0,0.0,0.0,17371,0.0,0.0,0.0,0.0,1,Moderate,Class1,2033.0,972705.143,100356,50471.6,1.038,10707.297,37.053,22447.177,368547.559,7.045,77909.0,0.2446425557136535,Solar,0.0,Solar
NJ1_utilitypv_class1_moderate_1,10,1,1,0.0,NJ1,UtilityPV_Class1_Moderate_,1,1.0,0.0,0.0,17371,0.0,0.0,0.0,0.0,1,Moderate,Class1,2033.0,972705.143,114845,50281.3,1.038,8301.682,41.884,36936.49,606439.441,4.913,77909.0,0.2486916333436966,Solar,0.0,Solar
NJ1_offshorewind_class3_conservative_fixed_1_1,10,1,1,0.0,NJ1,OffShoreWind_Class3_Conservative_fixed_1,1,1.0,0.0,0.0,91512,0.0,0.0,0.0,0.0,1,Conservative,Class3,2033.0,4348288.675,424595,25065.7,1.0,0.0,76.86,71174.94,1148183.166,0.0,353421.0,0.5151709318161011,Wind,0.05,Wind
NJ1_offshorewind_class3_conservative_fixed_0_1,10,1,1,0.0,NJ1,OffShoreWind_Class3_Conservative_fixed_0,1,1.0,0.0,0.0,91512,0.0,0.0,0.0,0.0,1,Conservative,Class3,2033.0,4348288.675,424595,25065.7,1.0,0.0,76.86,71174.94,1148183.166,0.0,353421.0,0.5151709318161011,Wind,0.05,Wind
NY1_landbasedwind_class3_moderate_0,11,1,1,0.0,NY1,LandbasedWind_Class3_Moderate_,0,1.0,0.0,0.0,30722,0.0,0.0,0.0,0.0,1,Moderate,Class3,2033.0,1618100.11,222036,5871.6,1.544,18504.5,36.985,17460.365,286671.992,3.222,204576.0,0.4944940209388733,Wind,0.05,Wind
NY1_landbasedwind_class3_moderate_1,11,1,1,0.0,NY1,LandbasedWind_Class3_Moderate_,1,1.0,0.0,0.0,30722,0.0,0.0,0.0,0.0,1,Moderate,Class3,2033.0,1618100.11,246695,5844.4,1.544,13685.5,49.993,42119.755,691551.036,2.192,204576.0,0.4254437386989593,Wind,0.05,Wind
NY1_utilitypv_class1_moderate_0,11,1,1,0.0,NY1,UtilityPV_Class1_Moderate_,0,1.0,0.0,0.0,17371,0.0,0.0,0.0,0.0,1,Moderate,Class1,2033.0,972705.143,89632,134546.5,1.008,29630.609,34.022,13979.985,229529.499,7.448,75653.0,0.2244980484247207,Solar,0.0,Solar
NY1_utilitypv_class1_moderate_1,11,1,1,0.0,NY1,UtilityPV_Class1_Moderate_,1,1.0,0.0,0.0,17371,0.0,0.0,0.0,0.0,1,Moderate,Class1,2033.0,972705.143,110378,134533.7,1.008,21091.04,41.745,34725.922,570149.644,4.276,75653.0,0.2311879992485046,Solar,0.0,Solar
NY1_offshorewind_class3_conservative_fixed_1_1,11,1,1,0.0,NY1,OffShoreWind_Class3_Conservative_fixed_1,1,1.0,0.0,0.0,91512,0.0,0.0,0.0,0.0,1,Conservative,Class3,2033.0,4348288.675,500973,25028.3,1.22,0.0,103.035,69871.148,1127150.578,0.0,431102.0,0.4689240455627441,Wind,0.05,Wind
NY1_offshorewind_class3_conservative_fixed_0_1,11,1,1,0.0,NY1,OffShoreWind_Class3_Conservative_fixed_0,1,1.0,0.0,0.0,91512,0.0,0.0,0.0,0.0,1,Conservative,Class3,2033.0,4348288.675,500973,25028.3,1.22,0.0,103.035,69871.148,1127150.578,0.0,431102.0,0.4689240455627441,Wind,0.05,Wind
NY2_utilitypv_class1_moderate_0,12,1,1,0.0,NY2,UtilityPV_Class1_Moderate_,0,1.0,0.0,0.0,17371,0.0,0.0,0.0,0.0,1,Moderate,Class1,2033.0,972705.143,112883,4.5,1.197,5.0,40.457,23014.528,377862.56,45.2,89869.0,0.2411855459213256,Solar,0.0,Solar
NY2_offshorewind_class3_conservative_fixed_1_1,12,1,1,0.0,NY2,OffShoreWind_Class3_Conservative_fixed_1,1,1.0,0.0,0.0,91512,0.0,0.0,0.0,0.0,1,Conservative,Class3,2033.0,4348288.675,449575,25015.5,1.006,0.0,86.589,94077.369,1517641.617,0.0,355498.0,0.5512744784355164,Wind,0.05,Wind
NY2_offshorewind_class3_conservative_fixed_0_1,12,1,1,0.0,NY2,OffShoreWind_Class3_Conservative_fixed_0,1,1.0,0.0,0.0,91512,0.0,0.0,0.0,0.0,1,Conservative,Class3,2033.0,4348288.675,449575,25015.5,1.006,0.0,86.589,94077.369,1517641.617,0.0,355498.0,0.5512744784355164,Wind,0.05,Wind
OH1_landbasedwind_class3_moderate_0,13,1,1,0.0,OH1,LandbasedWind_Class3_Moderate_,0,1.0,0.0,0.0,30722,0.0,0.0,0.0,0.0,1,Moderate,Class3,2033.0,1618100.11,132269,510.4,0.955,2761.0,27.973,5727.093,94029.909,5.768,126542.0,0.4647408127784729,Wind,0.05,Wind
OH1_landbasedwind_class3_moderate_1,13,1,1,0.0,OH1,LandbasedWind_Class3_Moderate_,1,1.0,0.0,0.0,30722,0.0,0.0,0.0,0.0,1,Moderate,Class3,2033.0,1618100.11,143700,504.8,0.955,2271.5,35.441,17158.114,281709.401,4.45,126542.0,0.4234724640846252,Wind,0.05,Wind
OH1_utilitypv_class1_moderate_0,13,1,1,0.0,OH1,UtilityPV_Class1_Moderate_,0,1.0,0.0,0.0,17371,0.0,0.0,0.0,0.0,1,Moderate,Class1,2033.0,972705.143,81794,28229.1,0.98,8625.73,30.925,8229.726,135119.24,11.549,73565.0,0.2387780845165252,Solar,0.0,Solar
OH1_utilitypv_class1_moderate_1,13,1,1,0.0,OH1,UtilityPV_Class1_Moderate_,1,1.0,0.0,0.0,17371,0.0,0.0,0.0,0.0,1,Moderate,Class1,2033.0,972705.143,91310,28010.4,0.98,6572.978,34.776,17745.343,291350.799,8.03,73565.0,0.2386429160833358,Solar,0.0,Solar
OH1_offshorewind_class3_conservative_fixed_1_1,13,1,1,0.0,OH1,OffShoreWind_Class3_Conservative_fixed_1,1,1.0,0.0,0.0,91512,0.0,0.0,0.0,0.0,1,Conservative,Class3,2033.0,4348288.675,411804,25078.8,1.0,0.0,78.534,58383.97,941841.199,0.0,353421.0,0.4678328335285187,Wind,0.05,Wind
OH1_offshorewind_class3_conservative_fixed_0_1,13,1,1,0.0,OH1,OffShoreWind_Class3_Conservative_fixed_0,1,1.0,0.0,0.0,91512,0.0,0.0,0.0,0.0,1,Conservative,Class3,2033.0,4348288.675,411804,25078.8,1.0,0.0,78.534,58383.97,941841.199,0.0,353421.0,0.4678328335285187,Wind,0.05,Wind
OH2_landbasedwind_class3_moderate_0,14,1,1,0.0,OH2,LandbasedWind_Class3_Moderate_,0,1.0,0.0,0.0,30722,0.0,0.0,0.0,0.0,1,Moderate,Class3,2033.0,1618100.11,134252,1966.7,0.955,10443.5,29.86,7710.22,126589.766,5.372,126542.0,0.4435969591140747,Wind,0.05,Wind
OH2_landbasedwind_class3_moderate_1,14,1,1,0.0,OH2,LandbasedWind_Class3_Moderate_,1,1.0,0.0,0.0,30722,0.0,0.0,0.0,0.0,1,Moderate,Class3,2033.0,1618100.11,141804,1949.7,0.955,7504.25,37.144,15262.761,250590.675,3.884,126542.0,0.3762263655662536,Wind,0.05,Wind
OH2_utilitypv_class1_moderate_0,14,1,1,0.0,OH2,UtilityPV_Class1_Moderate_,0,1.0,0.0,0.0,17371,0.0,0.0,0.0,0.0,1,Moderate,Class1,2033.0,972705.143,81707,67017.9,0.98,15343.341,30.538,8142.169,133681.689,7.897,73565.0,0.2437788397073745,Solar,0.0,Solar
OH2_utilitypv_class1_moderate_1,14,1,1,0.0,OH2,UtilityPV_Class1_Moderate_,1,1.0,0.0,0.0,17371,0.0,0.0,0.0,0.0,1,Moderate,Class1,2033.0,972705.143,90370,66899.8,0.98,11735.958,33.721,16805.36,275917.739,5.365,73565.0,0.2397738844156265,Solar,0.0,Solar
OH3_landbasedwind_class3_moderate_0,15,1,1,0.0,OH3,LandbasedWind_Class3_Moderate_,0,1.0,0.0,0.0,30722,0.0,0.0,0.0,0.0,1,Moderate,Class3,2033.0,1618100.11,133774,314.3,0.955,1548.5,28.372,7232.574,118747.567,5.307,126542.0,0.4641190469264984,Wind,0.05,Wind
OH3_landbasedwind_class3_moderate_1,15,1,1,0.0,OH3,LandbasedWind_Class3_Moderate_,1,1.0,0.0,0.0,30722,0.0,0.0,0.0,0.0,1,Moderate,Class3,2033.0,1618100.11,135408,308.5,0.955,1360.5,30.036,8866.572,145575.262,4.55,126542.0,0.4444541335105896,Wind,0.05,Wind
OH3_utilitypv_class1_moderate_0,15,1,1,0.0,OH3,UtilityPV_Class1_Moderate_,0,1.0,0.0,0.0,17371,0.0,0.0,0.0,0.0,1,Moderate,Class1,2033.0,972705.143,80165,27847.3,0.98,6194.116,29.598,6600.667,108372.642,7.533,73565.0,0.2320495992898941,Solar,0.0,Solar
OH3_utilitypv_class1_moderate_1,15,1,1,0.0,OH3,UtilityPV_Class1_Moderate_,1,1.0,0.0,0.0,17371,0.0,0.0,0.0,0.0,1,Moderate,Class1,2033.0,972705.143,84438,27752.0,0.98,5155.521,31.076,10873.139,178519.944,5.909,73565.0,0.2306104302406311,Solar,0.0,Solar
OH4_landbasedwind_class3_moderate_0,16,1,1,0.0,OH4,LandbasedWind_Class3_Moderate_,0,1.0,0.0,0.0,30722,0.0,0.0,0.0,0.0,1,Moderate,Class3,2033.0,1618100.11,140214,727.6,0.955,3661.25,33.229,13672.553,224481.95,5.063,126542.0,0.4161027073860168,Wind,0.05,Wind
OH4_landbasedwind_class3_moderate_1,16,1,1,0.0,OH4,LandbasedWind_Class3_Moderate_,1,1.0,0.0,0.0,30722,0.0,0.0,0.0,0.0,1,Moderate,Class3,2033.0,1618100.11,142965,723.8,0.955,3160.0,38.994,16423.399,269646.545,4.52,126542.0,0.3649229705333709,Wind,0.05,Wind
OH4_utilitypv_class1_moderate_0,16,1,1,0.0,OH4,UtilityPV_Class1_Moderate_,0,1.0,0.0,0.0,17371,0.0,0.0,0.0,0.0,1,Moderate,Class1,2033.0,972705.143,84095,35330.1,0.98,8640.942,31.124,10530.51,172894.515,8.633,73565.0,0.2339533865451812,Solar,0.0,Solar
OH4_utilitypv_class1_moderate_1,16,1,1,0.0,OH4,UtilityPV_Class1_Moderate_,1,1.0,0.0,0.0,17371,0.0,0.0,0.0,0.0,1,Moderate,Class1,2033.0,972705.143,92683,35260.9,0.98,6299.247,33.984,19118.68,313898.843,5.686,73565.0,0.2333433181047439,Solar,0.0,Solar
PA1_landbasedwind_class3_moderate_0,17,1,1,0.0,PA1,LandbasedWind_Class3_Moderate_,0,1.0,0.0,0.0,30722,0.0,0.0,0.0,0.0,1,Moderate,Class3,2033.0,1618100.11,182858,1122.3,1.266,4139.25,33.7,15140.291,248579.914,4.023,167718.0,0.4518603682518005,Wind,0.05,Wind
PA1_landbasedwind_class3_moderate_1,17,1,1,0.0,PA1,LandbasedWind_Class3_Moderate_,1,1.0,0.0,0.0,30722,0.0,0.0,0.0,0.0,1,Moderate,Class3,2033.0,1618100.11,184938,1113.0,1.266,3833.0,42.68,17220.6,282735.33,3.478,167718.0,0.3935662508010864,Wind,0.05,Wind
PA1_utilitypv_class1_moderate_0,17,1,1,0.0,PA1,UtilityPV_Class1_Moderate_,0,1.0,0.0,0.0,17371,0.0,0.0,0.0,0.0,1,Moderate,Class1,2033.0,972705.143,88508,49508.8,1.038,13059.131,32.431,10599.135,174021.223,9.513,77909.0,0.2360402345657348,Solar,0.0,Solar
PA1_utilitypv_class1_moderate_1,17,1,1,0.0,PA1,UtilityPV_Class1_Moderate_,1,1.0,0.0,0.0,17371,0.0,0.0,0.0,0.0,1,Moderate,Class1,2033.0,972705.143,96321,49475.9,1.038,8707.488,35.655,18412.545,302305.207,4.936,77909.0,0.234305128455162,Solar,0.0,Solar
PA2_landbasedwind_class3_moderate_0,18,1,1,0.0,PA2,LandbasedWind_Class3_Moderate_,0,1.0,0.0,0.0,30722,0.0,0.0,0.0,0.0,1,Moderate,Class3,2033.0,1618100.11,181099,5305.5,1.266,4778.75,31.091,13381.344,219700.752,0.583,167718.0,0.5024567246437073,Wind,0.05,Wind
PA2_landbasedwind_class3_moderate_1,18,1,1,0.0,PA2,LandbasedWind_Class3_Moderate_,1,1.0,0.0,0.0,30722,0.0,0.0,0.0,0.0,1,Moderate,Class3,2033.0,1618100.11,184433,5199.0,1.266,10043.0,42.182,16715.682,274445.378,1.845,167718.0,0.4020200371742248,Wind,0.05,Wind
PA2_utilitypv_class1_moderate_0,18,1,1,0.0,PA2,UtilityPV_Class1_Moderate_,0,1.0,0.0,0.0,17371,0.0,0.0,0.0,0.0,1,Moderate,Class1,2033.0,972705.143,88576,76361.2,1.038,11707.16,32.912,10667.113,175137.317,3.246,77909.0,0.2224422544240951,Solar,0.0,Solar
PA2_utilitypv_class1_moderate_1,18,1,1,0.0,PA2,UtilityPV_Class1_Moderate_,1,1.0,0.0,0.0,17371,0.0,0.0,0.0,0.0,1,Moderate,Class1,2033.0,972705.143,100639,76245.6,1.038,12011.172,37.347,22730.148,373193.504,3.773,77909.0,0.2220326215028762,Solar,0.0,Solar
PA3_landbasedwind_class3_moderate_0,19,1,1,0.0,PA3,LandbasedWind_Class3_Moderate_,0,1.0,0.0,0.0,30722,0.0,0.0,0.0,0.0,1,Moderate,Class3,2033.0,1618100.11,180007,517.5,1.266,1447.0,32.797,12289.129,201768.3,2.891,167718.0,0.4552192986011505,Wind,0.05,Wind
PA3_landbasedwind_class3_moderate_1,19,1,1,0.0,PA3,LandbasedWind_Class3_Moderate_,1,1.0,0.0,0.0,30722,0.0,0.0,0.0,0.0,1,Moderate,Class3,2033.0,1618100.11,181077,504.6,1.266,1766.75,43.846,13359.058,219334.861,3.723,167718.0,0.3390972912311554,Wind,0.05,Wind
PA3_utilitypv_class1_moderate_0,19,1,1,0.0,PA3,UtilityPV_Class1_Moderate_,0,1.0,0.0,0.0,17371,0.0,0.0,0.0,0.0,1,Moderate,Class1,2033.0,972705.143,87179,16232.0,1.038,3045.457,31.602,9270.33,152204.329,5.897,77909.0,0.2225508242845535,Solar,0.0,Solar
PA3_utilitypv_class1_moderate_1,19,1,1,0.0,PA3,UtilityPV_Class1_Moderate_,1,1.0,0.0,0.0,17371,0.0,0.0,0.0,0.0,1,Moderate,Class1,2033.0,972705.143,93214,16198.8,1.038,2908.52,33.911,15305.415,251290.981,5.433,77909.0,0.2233844995498657,Solar,0.0,Solar
PA4_landbasedwind_class3_moderate_0,20,1,1,0.0,PA4,LandbasedWind_Class3_Moderate_,0,1.0,0.0,0.0,30722,0.0,0.0,0.0,0.0,1,Moderate,Class3,2033.0,1618100.11,174932,1047.3,1.266,2071.75,27.067,7214.936,118457.964,1.778,167718.0,0.5611072182655334,Wind,0.05,Wind
PA4_landbasedwind_class3_moderate_1,20,1,1,0.0,PA4,LandbasedWind_Class3_Moderate_,1,1.0,0.0,0.0,30722,0.0,0.0,0.0,0.0,1,Moderate,Class3,2033.0,1618100.11,176962,995.3,1.266,2881.0,31.553,9244.681,151783.208,2.815,167718.0,0.5012067556381226,Wind,0.05,Wind
PA4_utilitypv_class1_moderate_0,20,1,1,0.0,PA4,UtilityPV_Class1_Moderate_,0,1.0,0.0,0.0,17371,0.0,0.0,0.0,0.0,1,Moderate,Class1,2033.0,972705.143,84266,16747.0,1.038,7127.821,31.547,6357.975,104388.015,18.241,77909.0,0.22760771214962,Solar,0.0,Solar
PA4_utilitypv_class1_moderate_1,20,1,1,0.0,PA4,UtilityPV_Class1_Moderate_,1,1.0,0.0,0.0,17371,0.0,0.0,0.0,0.0,1,Moderate,Class1,2033.0,972705.143,99100,16713.5,1.038,3736.542,36.804,21191.819,347936.538,7.215,77909.0,0.2199013382196426,Solar,0.0,Solar
SERC_landbasedwind_class3_moderate_0,21,1,1,0.0,SERC,LandbasedWind_Class3_Moderate_,0,1.0,0.0,0.0,30722,0.0,0.0,0.0,0.0,1,Moderate,Class3,2033.0,1618100.11,163269,45879.2,1.139,123931.75,37.121,12323.328,202329.785,2.767,150946.0,0.3841354548931122,Wind,0.05,Wind
SERC_landbasedwind_class3_moderate_1,21,1,1,0.0,SERC,LandbasedWind_Class3_Moderate_,1,1.0,0.0,0.0,30722,0.0,0.0,0.0,0.0,1,Moderate,Class3,2033.0,1618100.11,172017,45853.6,1.139,90372.5,51.569,21071.252,345956.493,1.992,150946.0,0.3290388286113739,Wind,0.05,Wind
SERC_utilitypv_class1_moderate_0,21,1,1,0.0,SERC,UtilityPV_Class1_Moderate_,0,1.0,0.0,0.0,17371,0.0,0.0,0.0,0.0,1,Moderate,Class1,2033.0,972705.143,84516,1014336.5,0.997,200734.358,30.83,9653.466,158494.821,6.179,74863.0,0.2465616762638092,Solar,0.0,Solar
SERC_utilitypv_class1_moderate_1,21,1,1,0.0,SERC,UtilityPV_Class1_Moderate_,1,1.0,0.0,0.0,17371,0.0,0.0,0.0,0.0,1,Moderate,Class1,2033.0,972705.143,98273,1014276.9,0.997,160859.346,35.736,23410.953,384370.658,4.106,74863.0,0.2426278591156005,Solar,0.0,Solar
SERC_offshorewind_class3_conservative_fixed_1_1,21,1,1,0.0,SERC,OffShoreWind_Class3_Conservative_fixed_1,1,1.0,0.0,0.0,91512,0.0,0.0,0.0,0.0,1,Conservative,Class3,2033.0,4348288.675,402557,25071.2,0.9,0.0,82.608,84504.298,1367199.772,0.0,318053.0,0.4613573253154754,Wind,0.05,Wind
SERC_offshorewind_class3_conservative_fixed_0_1,21,1,1,0.0,SERC,OffShoreWind_Class3_Conservative_fixed_0,1,1.0,0.0,0.0,91512,0.0,0.0,0.0,0.0,1,Conservative,Class3,2033.0,4348288.675,402557,25071.2,0.9,0.0,82.608,84504.298,1367199.772,0.0,318053.0,0.4613573253154754,Wind,0.05,Wind
VA1_landbasedwind_class3_moderate_0,22,1,1,0.0,VA1,LandbasedWind_Class3_Moderate_,0,1.0,0.0,0.0,30722,0.0,0.0,0.0,0.0,1,Moderate,Class3,2033.0,1618100.11,141832,1271.0,0.955,4241.25,32.844,15290.71,251049.564,3.402,126542.0,0.43752521276474,Wind,0.05,Wind
VA1_landbasedwind_class3_moderate_1,22,1,1,0.0,VA1,LandbasedWind_Class3_Moderate_,1,1.0,0.0,0.0,30722,0.0,0.0,0.0,0.0,1,Moderate,Class3,2033.0,1618100.11,146955,1269.8,0.955,5152.0,58.267,20413.688,335160.843,4.265,126542.0,0.2836534976959228,Wind,0.05,Wind
VA1_utilitypv_class1_moderate_0,22,1,1,0.0,VA1,UtilityPV_Class1_Moderate_,0,1.0,0.0,0.0,17371,0.0,0.0,0.0,0.0,1,Moderate,Class1,2033.0,972705.143,87708,38973.5,0.98,8510.03,32.685,14143.901,232220.749,7.349,73565.0,0.2409077137708664,Solar,0.0,Solar
VA1_utilitypv_class1_moderate_1,22,1,1,0.0,VA1,UtilityPV_Class1_Moderate_,1,1.0,0.0,0.0,17371,0.0,0.0,0.0,0.0,1,Moderate,Class1,2033.0,972705.143,96774,38872.6,0.98,7898.489,35.959,23209.88,381069.943,6.696,73565.0,0.2376605123281479,Solar,0.0,Solar
VA2_landbasedwind_class3_moderate_0,23,1,1,0.0,VA2,LandbasedWind_Class3_Moderate_,0,1.0,0.0,0.0,30722,0.0,0.0,0.0,0.0,1,Moderate,Class3,2033.0,1618100.11,186377,3207.4,1.318,8869.5,37.544,11729.6,192581.701,2.929,174648.0,0.4282319843769073,Wind,0.05,Wind
VA2_landbasedwind_class3_moderate_1,23,1,1,0.0,VA2,LandbasedWind_Class3_Moderate_,1,1.0,0.0,0.0,30722,0.0,0.0,0.0,0.0,1,Moderate,Class3,2033.0,1618100.11,189659,3195.4,1.318,11925.5,46.775,15011.51,246465.535,3.909,174648.0,0.3626747727394104,Wind,0.05,Wind
VA2_utilitypv_class1_moderate_0,23,1,1,0.0,VA2,UtilityPV_Class1_Moderate_,0,1.0,0.0,0.0,17371,0.0,0.0,0.0,0.0,1,Moderate,Class1,2033.0,972705.143,81364,102499.4,0.977,19575.105,30.794,7968.126,130824.17,5.922,73396.0,0.2275691926479339,Solar,0.0,Solar
VA2_utilitypv_class1_moderate_1,23,1,1,0.0,VA2,UtilityPV_Class1_Moderate_,1,1.0,0.0,0.0,17371,0.0,0.0,0.0,0.0,1,Moderate,Class1,2033.0,972705.143,91878,102319.4,0.977,17006.771,34.421,18482.374,303451.689,4.923,73396.0,0.227609097957611,Solar,0.0,Solar
VA2_offshorewind_class3_conservative_fixed_1_1,23,1,1,0.0,VA2,OffShoreWind_Class3_Conservative_fixed_1,1,1.0,0.0,0.0,91512,0.0,0.0,0.0,0.0,1,Conservative,Class3,2033.0,4348288.675,455183,25073.8,1.041,0.0,77.871,87095.383,1405028.126,0.0,368088.0,0.5021365284919739,Wind,0.05,Wind
VA2_offshorewind_class3_conservative_fixed_0_1,23,1,1,0.0,VA2,OffShoreWind_Class3_Conservative_fixed_0,1,1.0,0.0,0.0,91512,0.0,0.0,0.0,0.0,1,Conservative,Class3,2033.0,4348288.675,455183,25073.8,1.041,0.0,77.871,87095.383,1405028.126,0.0,368088.0,0.5021365284919739,Wind,0.05,Wind
VA3_landbasedwind_class3_moderate_0,24,1,1,0.0,VA3,LandbasedWind_Class3_Moderate_,0,1.0,0.0,0.0,30722,0.0,0.0,0.0,0.0,1,Moderate,Class3,2033.0,1618100.11,190584,932.1,1.318,3294.75,38.695,15936.82,261657.674,3.628,174648.0,0.3748183846473694,Wind,0.05,Wind
VA3_landbasedwind_class3_moderate_1,24,1,1,0.0,VA3,LandbasedWind_Class3_Moderate_,1,1.0,0.0,0.0,30722,0.0,0.0,0.0,0.0,1,Moderate,Class3,2033.0,1618100.11,194553,809.7,1.318,2283.75,55.326,19905.328,326814.364,2.904,174648.0,0.2653801143169403,Wind,0.05,Wind
VA3_utilitypv_class1_moderate_0,24,1,1,0.0,VA3,UtilityPV_Class1_Moderate_,0,1.0,0.0,0.0,17371,0.0,0.0,0.0,0.0,1,Moderate,Class1,2033.0,972705.143,83714,26274.5,0.977,5888.821,31.555,10318.629,169415.764,7.537,73396.0,0.2234875857830047,Solar,0.0,Solar
VA3_utilitypv_class1_moderate_1,24,1,1,0.0,VA3,UtilityPV_Class1_Moderate_,1,1.0,0.0,0.0,17371,0.0,0.0,0.0,0.0,1,Moderate,Class1,2033.0,972705.143,93643,26155.1,0.977,5312.427,34.788,20247.357,332429.957,6.47,73396.0,0.2301442921161651,Solar,0.0,Solar
VA4_landbasedwind_class3_moderate_0,25,1,1,0.0,VA4,LandbasedWind_Class3_Moderate_,0,1.0,0.0,0.0,30722,0.0,0.0,0.0,0.0,1,Moderate,Class3,2033.0,1618100.11,184131,27.8,1.318,177.75,33.754,9483.328,155701.408,6.183,174648.0,0.4676747024059295,Wind,0.05,Wind
VA4_landbasedwind_class3_moderate_1,25,1,1,0.0,VA4,LandbasedWind_Class3_Moderate_,1,1.0,0.0,0.0,30722,0.0,0.0,0.0,0.0,1,Moderate,Class3,2033.0,1618100.11,187226,25.3,1.318,156.25,36.596,12578.308,206516.164,6.437,174648.0,0.4409278333187103,Wind,0.05,Wind
VA4_utilitypv_class1_moderate_0,25,1,1,0.0,VA4,UtilityPV_Class1_Moderate_,0,1.0,0.0,0.0,17371,0.0,0.0,0.0,0.0,1,Moderate,Class1,2033.0,972705.143,80561,3505.5,0.977,845.8,30.847,7165.9,117652.875,8.925,73396.0,0.2311961352825164,Solar,0.0,Solar
VA4_utilitypv_class1_moderate_1,25,1,1,0.0,VA4,UtilityPV_Class1_Moderate_,1,1.0,0.0,0.0,17371,0.0,0.0,0.0,0.0,1,Moderate,Class1,2033.0,972705.143,87988,3504.6,0.977,1094.734,33.818,14592.022,239578.194,11.863,73396.0,0.2371848374605178,Solar,0.0,Solar
WV1_landbasedwind_class3_moderate_0,26,1,1,0.0,WV1,LandbasedWind_Class3_Moderate_,0,1.0,0.0,0.0,30722,0.0,0.0,0.0,0.0,1,Moderate,Class3,2033.0,1618100.11,142896,1858.3,0.955,3416.5,28.694,16354.834,268520.808,1.689,126542.0,0.5023584365844727,Wind,0.05,Wind
WV1_landbasedwind_class3_moderate_1,26,1,1,0.0,WV1,LandbasedWind_Class3_Moderate_,1,1.0,0.0,0.0,30722,0.0,0.0,0.0,0.0,1,Moderate,Class3,2033.0,1618100.11,144895,1839.4,0.955,5949.0,39.512,18353.756,301339.989,3.406,126542.0,0.3660356700420379,Wind,0.05,Wind
WV1_utilitypv_class1_moderate_0,26,1,1,0.0,WV1,UtilityPV_Class1_Moderate_,0,1.0,0.0,0.0,17371,0.0,0.0,0.0,0.0,1,Moderate,Class1,2033.0,972705.143,84023,23275.5,0.98,4927.337,31.71,10458.547,171713.0,6.852,73565.0,0.2373743802309036,Solar,0.0,Solar
WV1_utilitypv_class1_moderate_1,26,1,1,0.0,WV1,UtilityPV_Class1_Moderate_,1,1.0,0.0,0.0,17371,0.0,0.0,0.0,0.0,1,Moderate,Class1,2033.0,972705.143,94459,23077.0,0.98,3525.335,35.319,20894.738,343058.943,3.92,73565.0,0.2373748123645782,Solar,0.0,Solar
WV2_landbasedwind_class3_moderate_0,27,1,1,0.0,WV2,LandbasedWind_Class3_Moderate_,0,1.0,0.0,0.0,30722,0.0,0.0,0.0,0.0,1,Moderate,Class3,2033.0,1618100.11,143176,2091.5,0.955,4710.5,33.312,16634.076,273105.519,2.192,126542.0,0.4320064187049866,Wind,0.05,Wind
WV2_landbasedwind_class3_moderate_1,27,1,1,0.0,WV2,LandbasedWind_Class3_Moderate_,1,1.0,0.0,0.0,30722,0.0,0.0,0.0,0.0,1,Moderate,Class3,2033.0,1618100.11,145525,2081.0,0.955,6225.0,45.131,18983.694,311682.579,3.099,126542.0,0.3246870934963226,Wind,0.05,Wind
WV2_utilitypv_class1_moderate_0,27,1,1,0.0,WV2,UtilityPV_Class1_Moderate_,0,1.0,0.0,0.0,17371,0.0,0.0,0.0,0.0,1,Moderate,Class1,2033.0,972705.143,86027,24016.9,0.98,4385.02,32.471,12462.826,204620.118,5.4,73565.0,0.236972227692604,Solar,0.0,Solar
WV2_utilitypv_class1_moderate_1,27,1,1,0.0,WV2,UtilityPV_Class1_Moderate_,1,1.0,0.0,0.0,17371,0.0,0.0,0.0,0.0,1,Moderate,Class1,2033.0,972705.143,95167,23959.8,0.98,3812.075,35.366,21602.808,354684.344,4.227,73565.0,0.2386506348848343,Solar,0.0,Solar
